incident_id,date_id,compagnie_id,aeroport_id,type_incident_id,severite_score,duree_immobilisation_h,cout_incident_usd,nb_passagers_affectes,resolu
1,20220531,,11,9,3,37.8,1259632.66,220,1
2,20221116,2,4,3,4,10.6,1385762.32,458,1
3,20221010,6,12,1,99,33.5,1920766.43,317,1
4,20240223,4,1,3,2,0,28593.49,166,1
5,20220320,7,12,5,3,1.9,667703.7,119,1
6,20221018,5,6,5,4,17.7,1807448.67,282,1
7,20240125,3,10,6,4,18.2,1545705.17,222,1
8,20240303,1,3,5,2,26.1,193603.84,170,1
9,20220930,1,1,9,3,5.6,1491698.07,347,1
10,20240416,7,9,1,5,14.7,1178878.67,317,1
11,20220708,4,6,10,5,68.7,561080.74,327,1
12,20240414,4,5,9,3,42.3,1744961.91,193,1
13,20220605,2,9,6,3,28.9,927292.44,391,0
14,20240204,8,6,9,2,70,1681654.1,486,1
15,20240605,8,4,8,4,41.2,867749.19,324,1
16,20231228,3,9,3,3,1.5,1886224.33,266,1
17,20221006,4,3,6,3,62.6,1964502.4,102,1
18,20240219,2,12,1,1,10.6,778712.65,415,1
19,20240516,3,11,1,1,68.1,1353589.77,416,1
20,20230904,2,5,1,4,64,1010972.37,94,1
21,20220707,10,2,7,2,42.1,977863.33,19,0
22,20230807,1,7,10,3,69.3,453039.13,405,1
23,20241001,2,7,1,3,42.2,1947019.92,137,1
24,20230516,5,2,5,2,57.7,127576.34,14,1
25,20230623,9,6,9,4,70.5,243772.04,189,1
26,20231119,7,5,9,1,17.2,173820.02,354,1
27,20240107,1,2,9,2,58.2,736327.18,109,1
28,20240207,10,4,2,1,1.6,902939.84,216,1
29,20220829,6,12,2,5,21.5,1937778.85,90,1
30,20220911,7,10,1,5,47.5,1015399.48,86,1
31,20230917,4,2,6,2,45.5,133917.09,12,1
32,20220923,10,10,9,4,21.9,1302392.84,64,1
33,20230604,9,5,3,5,14.8,106622.56,24,1
34,20241108,7,3,3,4,13.9,239058.21,75,0
35,20221224,3,7,2,1,58.2,107522.67,237,0
36,,10,2,1,5,25.9,1960544.34,172,1
37,20230113,5,7,3,4,58.5,729964.15,12,1
38,20220226,2,10,5,2,4,526777.44,407,1
39,20241228,6,4,8,5,30.2,350223.38,295,1
40,20220820,3,5,3,5,48.4,70553.31,282,1
41,20230501,2,3,5,2,68.5,840464.35,143,1
42,20230913,1,8,3,5,54.4,1251287.26,355,0
43,20230118,1,3,3,3,22.2,887211.79,162,1
44,20230417,2,3,1,3,59.4,1810468.73,495,1
45,20240317,,9,2,3,8.1,1846679.85,119,0
46,20220920,5,12,1,3,68.2,1580538.33,408,1
47,20231213,5,11,8,3,57.1,1965896.72,206,1
48,20240306,4,9,3,5,70.1,1874198.72,487,1
49,20230218,7,7,1,5,2.7,1574931.68,328,1
50,20220103,7,8,1,1,27.7,650357.3,24,0
51,20230528,,11,1,5,31.2,1701721.4,347,1
52,20231128,3,9,3,3,51.5,686528.44,353,0
53,20240917,7,5,9,3,70.4,1503697.34,233,1
54,20240916,8,6,1,2,24.1,1777974.51,426,1
55,20231227,7,12,1,4,12,1986987.78,52,1
56,20240309,10,3,9,3,54.6,1008321.57,454,1
57,20230503,8,11,1,4,4.2,1435069.51,371,1
58,20221208,3,10,1,2,30.2,355583.55,291,1
59,20230722,6,3,7,4,23.3,1285288.82,341,1
60,20220607,4,4,1,5,12.2,1278498.53,197,1
61,20230817,5,2,6,5,61,1470408.35,104,1
62,20230210,10,3,10,1,59,1150875.92,398,0
63,20231116,3,6,1,3,20,1278791.47,258,1
64,20230929,3,12,1,4,48,1574577.86,469,1
65,20231218,3,8,5,1,4.8,1454206.98,169,0
66,20220409,3,12,5,1,51.5,1276948.88,208,1
67,20230409,9,4,1,5,42.7,1053302.76,480,1
68,20221003,5,4,9,1,38.7,1859306.34,373,1
69,20240814,9,3,3,5,35.2,1535908.36,165,1
70,20231108,4,2,7,2,19.1,1020919.93,412,1
71,20220128,9,1,4,1,4.9,1921608.05,40,1
72,20240730,4,4,4,5,69.4,1359879.5,465,1
73,20221004,10,6,3,4,63.1,1618235.04,39,1
74,20231113,4,6,9,4,55.6,442983.3,235,1
75,20241225,10,1,8,2,71.5,1123583.2,163,0
76,20220612,10,6,9,3,69.6,771357.58,234,1
77,20230430,6,4,4,3,49,839020.43,299,0
78,20240529,3,12,5,4,35.9,8288.14,315,1
79,20240212,1,7,3,1,54.5,962972.93,238,1
80,20220407,3,2,9,3,2.1,1548881.82,75,1
81,20230926,10,6,8,3,16.2,896939.86,286,1
82,20230829,2,8,6,1,46.1,1148623.01,112,1
83,20221205,4,8,6,2,44.8,385261.76,63,0
84,20220629,4,2,1,4,47.9,487897.6,244,1
85,20220916,5,7,5,5,51.8,924089.03,458,1
86,20230307,2,5,4,4,20.3,1201787.04,221,1
87,20230117,9,7,3,5,55.9,311530.32,421,1
88,20220906,7,3,2,1,67.8,268192.34,211,1
89,20220923,9,5,1,5,53.3,123396.69,44,1
90,20241023,9,7,10,1,40.5,1657018.74,390,1
91,,3,5,7,5,0,1853762.52,368,1
92,20230902,7,6,7,1,22,358553.5,248,1
93,20220330,9,1,7,1,36.6,1569792.34,303,1
94,20231202,10,2,1,3,26.5,1038137.79,254,1
95,20220902,3,8,3,4,6,1481214.53,460,0
96,20231203,10,10,6,1,67.7,1774626.24,99,1
97,20240206,2,3,10,3,34.7,708698.12,175,1
98,20240518,7,8,1,2,69.9,-500,136,1
99,20231220,6,8,2,5,7.4,624040.5,57,0
100,20230929,1,10,3,3,22.5,371116.95,18,1
101,20241211,3,7,9,1,14.2,932186.57,62,1
102,20220318,7,12,5,3,44.9,653139.24,46,1
103,20241216,8,10,10,2,66.6,85488.47,169,1
104,20220715,10,11,1,4,40.1,414616.71,99,0
105,20230221,4,10,1,1,28.2,1761318.85,332,1
106,20240824,8,4,10,5,70.5,1820148.07,402,0
107,20220417,7,1,8,3,55.9,514677.54,398,1
108,20220526,5,8,9,5,33.7,1492481.71,247,1
109,20240327,6,8,6,3,9.6,284220.05,350,1
110,20240426,6,9,9,4,8.9,-,110,1
111,20230507,2,5,2,3,54.3,771858.77,480,1
112,20220425,6,12,1,2,22.9,1654890.7,104,1
113,20240911,1,7,6,4,32,579283.28,262,1
114,20230716,10,10,6,4,13,1408767.48,11,1
115,20240902,,12,3,1,29.9,1699540.11,108,1
116,20231215,6,5,7,2,7.7,998031.96,54,1
117,20220701,3,10,7,3,22.7,1758621,66,1
118,20230909,4,11,10,5,31.2,1214586.76,294,0
119,20220619,3,5,2,1,20.4,393340.49,275,1
120,20241215,10,3,9,1,43.5,1394875.72,386,1
121,,8,2,4,3,2.4,1385496.25,247,1
122,20221218,10,4,4,5,42.4,1663196.5,490,1
123,20230707,9,11,5,2,57,528419.41,231,1
124,20240521,3,12,5,5,8.9,922788.36,360,1
125,20221205,10,2,2,1,47.4,1313617.43,114,1
126,20220128,7,4,1,1,62.6,846741.23,324,1
127,20230503,2,6,5,1,27.6,-,171,1
128,20230410,4,11,8,2,34,779693.11,2,1
129,20221213,1,2,6,4,2.7,140491.44,432,1
130,20240929,7,2,8,1,17,1199070.17,9,1
131,20241022,5,12,7,4,22.1,1520724.07,214,1
132,20230206,1,3,1,3,13.9,737371.29,192,1
133,20230327,,4,10,1,46.1,1581631.35,495,1
134,20240713,3,5,6,1,28.1,514760.56,10,1
135,20240214,4,12,4,5,8.7,1617944.95,58,1
136,20221015,1,7,6,2,49,1909591.22,450,1
137,20220214,10,3,7,3,37.9,1334571.32,151,1
138,20240307,4,11,3,1,48.7,971644.57,450,1
139,20240823,2,10,5,3,17.9,8924.79,386,1
140,20231218,9,6,9,1,64.6,107514.14,263,0
141,20240607,5,5,9,3,25.3,903829.4,34,1
142,20220130,,9,6,3,45.9,56474.83,29,1
143,20240608,99,10,1,5,68.6,,347,1
144,20220103,3,6,8,1,2.4,26240.56,44,1
145,20231208,3,5,2,5,17.4,1121173.69,176,1
146,20240919,6,6,4,1,55.2,1827302.64,220,1
147,20230504,99,9,3,3,4.1,696851.02,133,1
148,20220202,9,12,3,4,8.2,1333957.23,227,1
149,20220625,5,11,5,2,25.3,64827.93,468,1
150,20231025,6,11,1,2,2.5,1858212.41,79,1
151,20240313,8,7,5,3,9.6,16242.24,449,1
152,20241022,10,10,3,3,39.6,150952.77,468,1
153,20220917,10,2,1,5,30.9,1195725.53,140,1
154,20220709,2,8,5,3,33.1,1774917.67,365,1
155,20230804,5,8,9,4,18.7,20415.22,47,1
156,,2,3,2,3,13.2,1439117.52,317,1
157,20240309,5,12,3,99,24.5,1642535.03,337,1
158,20220628,2,10,3,4,67.3,1708921.64,478,1
159,20240808,8,3,5,1,70.9,507656.36,345,1
160,20230116,3,9,9,1,1.9,1635920.85,293,0
161,20240919,7,8,5,4,50.6,1301138.42,397,0
162,20230604,10,8,5,2,18.8,924207.72,156,0
163,20230219,3,1,8,1,1,745.45,222,1
164,20220413,-1,1,7,3,21.2,1830350.59,415,1
165,20240314,3,5,10,3,12.7,988830.99,239,0
166,20230331,2,11,3,5,3.7,1387223.19,46,0
167,20241019,1,2,2,5,65.9,1650561.49,127,1
168,20240310,8,12,7,2,5.3,691194.54,33,0
169,20221023,4,9,1,3,20,1432502.28,363,1
170,20240211,8,11,1,1,6.8,1254618.69,219,1
171,20230225,5,10,7,4,66.3,84725.7,410,1
172,20220108,5,7,4,2,56,1414141.25,212,0
173,20220709,4,9,7,3,18,285278.79,344,1
174,20220705,9,7,1,3,25.1,215667.25,62,1
175,20241110,1,3,1,5,14.6,1958202.36,386,1
176,20240121,10,1,7,5,42.3,769929.47,339,1
177,20240921,4,8,1,4,43.2,1224276.79,430,1
178,20240705,7,4,5,4,1.8,1244489.83,461,1
179,20240922,5,10,2,4,59,246702.6,48,0
180,20230711,4,5,2,1,43.1,849804.64,65,1
181,20230428,6,9,1,1,45.8,1651834.72,387,1
182,20220202,9,11,7,3,1.2,594933.76,4,0
183,20230430,9,8,10,5,70,1749185.3,252,1
184,20230721,6,1,6,2,65.3,741886.39,281,1
185,20221220,5,7,7,2,61.8,1759341.16,166,1
186,20230109,5,12,1,5,4.3,1212923.03,451,1
187,20231231,8,4,3,3,39.7,1778637.85,466,1
188,20220419,8,3,5,99,55.9,1411320.69,337,0
189,20220724,2,1,10,4,60.7,752798.48,399,1
190,20220218,6,12,6,2,56.9,439818.6,84,1
191,20231029,7,6,1,4,26.5,501683.57,47,1
192,20240822,7,7,9,5,70,439797.13,239,1
193,20221105,9,7,5,3,11.9,912603.59,352,1
194,20230913,8,6,8,3,26.5,1469822.11,427,1
195,20240322,2,11,1,4,36.8,976508.38,367,1
196,20240509,7,5,6,2,26.3,1937146.74,423,1
197,20240714,7,10,2,1,2.6,1515569.04,1,0
198,20220821,5,11,8,1,48.4,1007080.51,102,0
199,20240627,9,7,1,4,14.1,459627.81,178,1
200,20221023,1,11,7,3,64.9,1839318.36,198,1
201,20230524,8,9,9,4,20.4,781655.25,325,1
202,20241204,10,2,5,4,71.4,918978.73,130,1
203,20230704,8,8,6,4,59.9,1405583.2,144,1
204,20230126,3,3,5,10,45.4,286309.6,305,0
205,20240731,9,8,5,3,16.8,145883.14,112,1
206,20230514,4,10,1,4,58.5,1787904.98,404,1
207,20220620,8,7,6,2,49.4,430222.6,106,0
208,20220819,6,3,7,3,29,159461.94,431,0
209,20230329,7,6,1,3,25.4,763764.22,8,1
210,20220930,1,2,3,4,27.2,599299.93,406,1
211,20220620,9,11,9,4,N/A,266127.62,320,1
212,20241029,,9,3,4,70.5,1646435.89,200,0
213,20230609,8,3,5,4,69.1,1021157.85,190,1
214,20221213,1,1,2,3,67.9,1538420.24,172,1
215,20230815,7,6,2,2,32.8,158203.59,252,1
216,20221001,,12,3,3,35.3,1855455.5,356,1
217,20220111,10,11,5,1,42.5,1552645,311,1
218,20220911,6,5,7,3,3.1,1049766.8,472,1
219,20230914,10,7,1,4,0,793015.62,480,1
220,20220919,2,5,3,4,71.3,565689.73,319,1
221,20221203,6,7,7,5,65.6,475762.41,125,0
222,20240923,3,8,9,5,64.4,1241534.92,429,1
223,20220412,2,4,1,2,19.5,406775.13,422,1
224,20240905,2,9,3,1,15.2,305138.58,177,1
225,20240603,5,1,5,1,43.4,663911.61,175,1
226,20220212,7,4,4,3,14.7,1722222.33,252,1
227,20240826,2,9,1,5,56.7,745702.02,83,1
228,20241219,8,10,5,5,62.8,1839396.48,45,1
229,20230411,7,7,9,3,28.9,1782001.04,225,1
230,20221213,8,7,9,3,56,1363678.16,467,0
231,20230717,2,9,9,4,12.6,603994.93,100,1
232,20220903,10,8,3,3,8.6,193438.26,17,1
233,20241031,6,12,1,3,56.2,168642.94,22,1
234,20220105,2,6,6,2,20.9,1835053.16,64,1
235,20220905,3,7,1,4,61.2,1823300,454,1
236,20220812,1,6,8,-1,22.9,1349563.38,273,1
237,20221025,7,10,4,4,29.8,1117283.1,388,1
238,20230402,6,3,1,5,60.3,1166169.2,335,0
239,20240327,4,3,1,1,6.2,957866.46,69,1
240,20220701,2,11,1,4,10.2,N/A,54,1
241,20241003,10,1,5,3,34.1,989313.19,337,1
242,20231006,8,12,1,4,15.6,1535490.57,277,1
243,20230711,3,1,10,2,43.3,167188.79,78,1
244,20240524,8,10,1,4,24.3,289456.66,361,1
245,20231021,1,2,6,2,4.5,1227425.09,429,0
246,20220518,4,8,1,4,23.6,912943.66,256,1
247,20240321,1,9,1,2,69.5,1136208.48,405,1
248,20220418,5,2,1,5,54.7,1960703.66,35,1
249,20231113,2,3,9,1,58.9,1758824.2,409,1
250,20240810,7,7,1,2,13.7,566932.98,409,1
251,20220811,10,6,4,5,1.2,1430139.41,261,1
252,20230807,9,2,7,2,12.9,1793470.18,83,1
253,20240627,7,9,1,99,53.1,737418.48,200,1
254,20220717,1,2,2,4,31.3,1164783.44,323,1
255,20220410,4,6,10,5,32.2,164368.78,404,1
256,20220804,5,12,5,3,28.7,1445257.01,365,1
257,20220825,4,9,9,2,69.4,1481388.15,271,0
258,20220503,2,10,1,3,64.5,1571312.27,314,1
259,20240816,5,5,3,3,35.5,-,106,0
260,20230608,8,9,9,3,5.2,1468793.51,76,1
261,20240117,6,7,2,4,68.5,N/A,239,1
262,20241122,9,4,3,3,28.7,1802220.95,296,1
263,20221126,6,11,7,2,42.5,1752510.58,291,1
264,20240129,2,3,1,4,72,1117513.71,179,1
265,20220520,9,12,1,3,9.7,709509.93,127,1
266,20240210,1,4,1,2,34.1,26408.12,385,0
267,20220320,8,11,6,4,61.7,1017204.76,299,1
268,20240713,6,1,6,5,16.4,497642.48,319,1
269,20240120,2,3,3,1,2.1,1128673.73,287,1
270,20231219,6,11,5,1,58.5,1132805.61,110,1
271,20230822,2,7,3,3,63.1,1939031.77,379,1
272,20230418,9,7,6,5,42.1,1233644.13,30,1
273,20220815,6,8,5,4,60.5,1367794.66,278,0
274,20220814,5,7,5,2,45.5,1704930.9,288,1
275,20231018,5,3,4,4,65.5,730887.97,166,1
276,20230730,8,6,7,5,9.2,435574.21,181,0
277,20240419,5,2,2,4,14.8,1232629.74,286,1
278,20240502,1,8,6,2,46.4,1570958.98,104,1
279,20220219,10,5,1,3,29,844769.43,302,1
280,20240523,10,1,9,3,31.3,1387762.74,247,1
281,20220116,9,8,3,5,5.4,713943.12,133,1
282,20220822,8,11,2,3,62,295377.78,11,1
283,20230607,3,4,6,3,70.9,119841.07,363,1
284,20230821,10,2,1,2,70.4,1301404.38,205,1
285,20240831,6,8,1,3,54.4,1153275.85,330,1
286,20231102,5,10,7,4,27.3,1297600.4,133,0
287,20220527,8,10,7,2,40.6,879417.84,324,1
288,,9,12,5,5,70.3,987893.96,127,0
289,20231004,1,3,1,4,26.6,461629.26,244,1
290,20231122,7,6,9,4,64.4,1471975.73,163,1
291,20230720,9,12,8,4,47.9,1059036.13,424,1
292,20230816,1,8,5,2,58,1971487.91,143,1
293,20230316,1,3,9,5,24.7,234944.43,450,1
294,20220712,8,12,3,1,17.9,1404537.41,280,1
295,20240925,8,7,5,3,65.3,1473362.41,426,1
296,20230913,7,1,3,4,17.8,870817.55,82,1
297,20240601,8,8,8,1,4.6,1612783.45,321,1
298,20230125,8,12,3,6,59.2,1025773.8,423,1
299,20221124,9,2,6,1,2.5,1078635.13,234,1
300,20220508,7,10,6,3,57.9,1346508.47,462,1
301,20220913,3,7,3,3,28.2,1706000.1,356,1
302,20240422,3,12,2,5,32.6,1948366.24,24,1
303,20220719,10,3,9,4,50,1400276.2,199,1
304,20220623,7,4,5,1,59,1567950.68,27,1
305,20241009,10,6,8,1,19.7,994436.99,82,1
306,20231002,3,9,1,3,19.8,1880004.65,113,1
307,20230324,1,8,3,3,0,1266394.22,309,1
308,20230501,10,7,9,3,2.9,857939.81,157,1
309,20240823,3,5,3,1,10.1,1915220.77,294,1
310,20230617,4,6,5,2,28,473927.47,259,1
311,20221203,,5,9,1,4.6,1962540.46,145,1
312,20240813,8,9,9,5,47.7,1930891.57,356,1
313,20220403,10,8,3,2,2.7,346876.82,150,1
314,20230916,3,2,1,1,35.6,-500,150,1
315,20231223,1,11,6,2,0,1261693.25,480,1
316,20240418,7,7,8,4,18.3,582016.46,279,1
317,20220617,3,5,1,3,0,546121.9,311,1
318,20240127,5,6,5,4,4,804259.95,291,1
319,20240228,6,2,1,1,15.2,856869.34,318,1
320,,4,5,3,2,50.4,867200.94,373,1
321,20220330,8,2,1,2,10.4,945290.7,209,1
322,20240327,6,1,5,2,65.8,1699570.24,483,1
323,20230331,8,4,5,4,41.2,58547.18,133,1
324,20241031,9,1,1,2,,1731117.99,397,0
325,20220927,10,1,9,1,42.6,1652541.7,26,1
326,20230301,5,7,2,5,20.7,153927.71,68,1
327,20230129,6,4,9,1,25.6,-500,476,1
328,20240121,1,6,4,1,20.5,282782.69,322,0
329,20230722,7,10,9,1,45.5,1950222.55,238,1
330,20230805,3,5,3,2,24.6,1853211.42,31,1
331,20240725,5,10,3,3,24.2,1348837.87,424,0
332,20220804,3,11,9,3,39.8,20804.26,291,1
333,20240806,8,7,1,2,44.4,9641.34,415,1
334,20241007,9,3,5,3,36.4,1701327.98,279,1
335,20230217,6,9,1,5,13.6,459885.51,350,1
336,20220813,3,9,10,4,4.5,141957.72,56,1
337,20240811,3,10,1,3,16.2,185766.93,452,1
338,20220729,8,1,9,2,13.6,709922.55,219,1
339,20220327,7,2,3,4,45.2,127599.04,68,1
340,20240612,5,10,9,5,47.6,735367.23,128,0
341,20240513,6,10,2,10,21.9,1233518.66,263,1
342,20221125,8,5,9,1,50.5,875774.84,447,1
343,20221104,1,4,1,4,42.6,1929266.84,236,1
344,20240701,7,10,1,2,20.3,337346.08,48,0
345,20230706,6,11,1,3,1.9,552936.74,288,1
346,20220227,7,6,6,0,60.5,761071.46,104,1
347,20240705,10,5,4,5,58.6,847783.24,162,1
348,20241023,4,1,5,2,3.6,1499024.99,379,1
349,20220928,2,11,3,2,70.9,1494993.88,217,1
350,20220402,4,9,1,4,37.4,1597231.82,62,1
351,20230129,7,4,3,3,16.8,1480287.53,70,1
352,20220705,6,10,3,4,18.7,1672000.41,306,1
353,20220331,3,3,4,3,14,374485.07,196,1
354,20220511,5,6,3,3,3.5,-500,253,1
355,20230520,5,3,6,5,14.7,806299.13,244,1
356,20241115,3,7,1,2,67.5,348397.22,264,1
357,20230817,8,4,6,2,47.1,453189.59,383,1
358,20230405,3,6,3,3,21.8,1043493.02,419,1
359,20230121,8,3,3,4,22.4,399739.7,78,1
360,20241117,2,3,3,3,6.2,956846.47,81,1
361,20230101,3,2,9,1,44.1,1571102.51,401,1
362,20241002,6,7,5,2,24.1,375984.98,357,1
363,20221111,7,8,1,3,8.7,487144.21,337,1
364,20240402,7,10,1,3,16.9,1610750.94,106,1
365,20230831,2,2,3,3,54.6,1513325.04,200,1
366,20230523,10,7,5,2,11.2,1754170.24,266,1
367,20240505,3,10,9,4,59,571434.72,227,1
368,20220105,8,9,1,5,34.5,1633331.71,70,1
369,20221218,4,8,3,1,58.6,435115.56,416,1
370,20241216,8,3,5,2,20,150472.99,117,1
371,20220708,2,6,3,4,67,608817.84,65,1
372,20240425,3,5,7,5,47.1,1065066.99,190,1
373,20231104,9,12,9,4,64.9,452224.18,200,1
374,20230210,1,5,4,5,17.5,675777.13,378,0
375,20220726,3,1,7,4,66.7,1994274.32,90,1
376,20220917,3,2,7,3,63.5,347210.23,132,1
377,20240118,8,4,1,1,27.5,1745048.4,85,1
378,20240613,1,5,3,1,60,328411.55,112,1
379,20220503,6,9,9,4,34.3,1077205.7,412,1
380,20240729,7,9,7,4,26.5,689381,16,1
381,20240909,1,3,1,1,24.9,895265.95,128,0
382,20240905,8,7,9,3,67.3,1592425.76,344,0
383,20240526,3,1,7,2,56.8,855004.89,457,0
384,20231110,1,7,3,3,38.7,788414.62,314,1
385,20230316,2,3,5,1,58.7,971250.87,94,1
386,20240413,7,7,3,3,62.6,216870.93,86,1
387,20240627,1,4,9,2,26.4,1009517.04,437,1
388,20230528,4,4,6,3,21.6,594473.12,375,1
389,20220817,2,4,6,2,47.6,1951313.11,88,1
390,20241013,4,10,1,4,2.9,635617.04,456,1
391,20240704,3,7,9,1,4.4,618647.27,336,1
392,20240129,9,10,9,2,35.1,1675841.14,370,1
393,20240823,1,2,8,1,41.4,1211805.42,447,1
394,20230303,2,6,5,5,51.1,N/A,130,1
395,20230808,2,1,6,2,69.9,377446.99,232,1
396,20230622,,12,2,5,,1671146.57,155,1
397,20220903,2,7,10,1,36.6,138182.42,55,1
398,20240808,3,6,8,3,45.6,1035253.84,451,1
399,20230407,4,1,8,4,4.5,187587.21,5,0
400,20240714,2,4,7,2,21.2,700091.99,270,1
401,20240911,10,1,10,2,53.2,927805.75,116,0
402,20220312,8,8,3,4,4.8,1538706.79,204,1
403,20240424,3,10,7,1,21.3,974940.93,373,1
404,20240417,1,7,9,2,16.1,1242168.28,314,1
405,20240811,9,11,5,4,49.4,861398.67,278,0
406,20230801,3,12,1,2,54.7,1006505.48,158,1
407,20230310,5,10,7,4,51.4,227642.85,43,1
408,20220211,8,11,6,2,16.2,206990.3,440,0
409,20240423,5,9,4,3,35.6,187907.02,10,1
410,20240523,9,5,7,5,38.6,1628607.63,188,1
411,20230313,1,9,9,3,0,1916127.29,469,1
412,20230814,9,1,6,2,17,411419.62,264,1
413,20220217,2,11,3,3,53.3,1568169.29,399,1
414,20220620,8,4,1,4,14.7,1413438.25,16,1
415,20240814,8,3,6,3,7.3,738801.64,149,1
416,20221203,4,1,2,3,1.8,1915861.45,81,1
417,20231023,7,2,6,5,69.6,1022614.47,83,0
418,20240311,3,2,4,10,32.6,183676.79,30,1
419,20220627,10,3,6,5,36.9,1167882.49,300,1
420,20240229,2,8,5,3,15.8,1030883,357,1
421,20220518,8,9,6,6,46.5,1967150.98,115,1
422,20240603,3,2,8,3,58.3,162950.05,486,1
423,20240102,5,5,9,2,13.8,54793.84,450,1
424,20240117,2,11,9,3,45.2,585345.19,63,1
425,20221204,5,5,5,1,27.1,1854470.39,349,1
426,20240407,4,3,3,3,21,890474.92,454,1
427,20230217,4,11,3,5,40.9,481064.39,310,0
428,20241023,9,10,7,2,35.3,975061.47,101,0
429,20231210,3,12,5,4,33.3,106709.22,222,1
430,20240320,10,6,1,5,1.4,56441.33,446,1
431,20221216,7,10,9,3,71.6,710076.85,422,1
432,20240810,7,7,10,-1,30.5,493756.11,241,1
433,20221208,7,3,2,5,23.5,583768.04,371,1
434,20240118,5,2,1,1,49.1,188993.09,0,1
435,20241115,1,6,5,4,48.1,1484657.08,112,1
436,20230225,7,2,7,2,9.4,495622.59,102,0
437,20241214,2,11,9,2,31.6,763165.49,74,1
438,20230707,10,9,7,4,66.9,220815.42,139,1
439,20220224,3,5,3,1,36.3,1877827.01,374,1
440,20230916,6,2,9,1,28.6,840233.67,28,1
441,20240418,7,4,7,1,22.1,1550662.08,2,1
442,20221127,5,5,3,4,29.6,1543112.96,279,0
443,20240630,3,4,3,4,20.3,383543.87,37,1
444,20240420,8,10,7,1,56.9,1047354.03,311,1
445,20241010,5,6,5,4,22.7,49698.4,188,1
446,20240129,8,6,5,2,71.7,1579831.59,81,0
447,20220723,7,7,3,2,17.3,857199.01,387,1
448,20240212,7,3,3,1,64.5,1539441.41,368,0
449,20241011,8,2,7,1,38.5,145671.68,97,1
450,20240714,1,3,1,3,23.5,806488.91,350,1
451,20241210,4,3,3,4,31.6,1402751.94,189,1
452,20220624,2,5,10,4,48.9,1865301.4,430,1
453,20240307,7,5,5,3,25.7,327303.59,180,0
454,20241012,4,6,3,3,54.5,793663.76,476,1
455,20230503,3,4,2,3,23.9,1126453.34,62,1
456,20220727,9,5,1,2,49,1117220.88,219,1
457,20240402,8,6,3,3,29.2,466225.2,469,1
458,20220317,9,8,5,2,8.5,1313479.14,160,1
459,20230130,2,4,2,4,32.5,1790696.96,316,0
460,20241124,7,4,5,5,41.4,1231203.26,36,1
461,20240720,6,11,1,1,33.5,1499907.03,237,1
462,20220111,3,2,6,2,27.7,1908769.81,11,1
463,20241221,5,10,10,5,57.7,74920.44,13,1
464,,1,12,10,2,43.2,1895564.01,183,1
465,20240114,10,10,10,5,4.4,968576.15,339,1
466,20230630,1,3,1,4,62.3,1166524.75,117,1
467,20240720,3,3,8,1,59,1307660.02,17,1
468,20230205,10,5,1,4,51,1366867.54,385,1
469,20231029,6,5,2,1,70.1,984898.63,356,1
470,20221026,4,5,3,2,32.5,1266230.63,264,1
471,20230923,3,6,10,4,39.7,935509.48,197,0
472,20241016,4,6,10,1,32.3,596030.47,378,1
473,20230910,,9,1,2,17.4,1314448.57,160,1
474,20240528,8,1,1,2,66.8,1705548.29,229,0
475,20230720,1,10,5,5,9.1,-,390,1
476,20240712,5,12,6,4,35.5,779624.52,57,1
477,,1,3,5,5,53.7,737512.65,482,1
478,20241118,,7,2,5,8.1,265790.46,300,1
479,20231017,8,10,1,1,41.4,89612.9,357,1
480,20220721,9,10,2,5,27.8,303359.11,264,1
481,20220429,1,4,8,1,28.2,646839.84,390,0
482,,-1,3,5,10,43.9,1012921.52,117,1
483,20221116,5,7,10,1,31.4,474292.85,128,1
484,20231114,9,3,7,2,52.3,1154948.36,235,1
485,20240625,5,2,4,2,8.5,1551378.57,431,1
486,20230501,9,8,9,1,23.1,1752581.18,71,1
487,20221120,1,2,6,5,41.7,1456164.57,452,1
488,20230623,-1,12,1,3,2.3,1240700.03,490,1
489,20220114,1,10,8,5,45,1219333.19,256,1
490,20220404,4,9,4,1,9.2,1399860.34,311,1
491,20240830,10,2,9,3,7.7,1179746.4,278,1
492,,5,9,5,4,12.1,1397208.22,411,0
493,20240801,2,12,8,5,68.3,708434.13,336,1
494,20230727,8,3,7,4,42.2,1005876.06,381,1
495,20231214,10,11,7,1,1.6,1983034.58,393,1
496,20230926,8,6,3,3,37.9,57712.87,128,1
497,20230102,9,8,3,1,44.2,1368698.38,83,1
498,20230118,2,7,8,3,68.3,113472.69,91,0
499,20240326,5,6,6,3,63,1068562.86,486,1
500,20230725,2,5,2,4,9.2,932877.68,201,1
501,20221218,9,10,1,1,54.3,990543.17,474,1
502,20230726,7,11,1,2,51.8,1625874.44,308,0
503,20221228,,7,9,3,54.6,1886881.12,157,0
504,20240709,1,4,3,1,71.6,1036370.56,96,1
505,20240726,5,6,2,4,42.8,1444123.62,363,1
506,20220803,6,1,1,1,32.7,1251897.16,74,1
507,20241222,8,10,2,3,54.2,1751792.35,342,1
508,20220126,6,12,6,1,62.1,1240537.7,311,1
509,20240920,6,3,1,1,30.5,1337254.04,197,1
510,,8,4,6,3,68.4,1134725.35,269,1
511,20240704,4,1,10,2,23.8,920894.28,200,1
512,20220326,10,1,5,2,4.2,433519.04,276,0
513,20240603,3,1,7,4,28,1056089.15,444,1
514,20240421,5,3,7,3,48.4,1195375.43,114,0
515,20220330,8,10,3,2,30.9,1829926.59,239,1
516,20220727,2,5,1,3,7.9,665876.68,226,0
517,20220111,3,12,6,4,23.8,1336531.42,123,1
518,20230328,5,9,7,3,31.6,997955.42,498,1
519,20230418,9,12,5,1,49,1612912.78,490,1
520,20221230,6,6,5,3,7.1,990704.96,27,1
521,20230123,6,12,5,4,57.9,1481741.66,294,1
522,20221025,10,12,7,5,34.9,306577.24,393,0
523,,10,10,3,1,9.1,1299920.11,375,1
524,20240811,10,6,1,3,44.9,341508.84,288,1
525,20230324,1,4,1,0,55.9,863770.86,209,1
526,20221008,2,11,8,2,27.7,1405823.17,79,1
527,20241107,5,9,3,2,54.8,867286.79,454,1
528,20231225,2,9,5,4,43.5,939147.08,170,1
529,20230211,10,9,6,5,65.9,1462682.29,147,1
530,20240913,6,5,10,2,27.1,960608.19,300,1
531,20230428,4,12,3,6,19.4,692598.5,292,1
532,20220826,-1,12,2,1,60.5,344619.39,99,1
533,20231101,3,8,5,5,17.6,368196.26,70,0
534,20220907,5,2,7,5,41.4,1607614.76,359,1
535,20240908,5,2,9,3,7.5,440236.96,453,0
536,20240601,3,10,8,1,12.3,545909.27,44,1
537,20230416,7,5,9,5,54.5,113925.26,101,1
538,20240125,10,6,4,3,39.1,1086102.91,15,1
539,20220713,2,5,10,1,42.6,119283.26,404,1
540,20240907,1,10,8,3,50.7,257044.16,19,0
541,20240617,8,1,5,5,65.7,1102253.26,465,1
542,20230707,3,8,9,5,61.4,698988.5,442,1
543,,6,11,3,5,18.9,949806.5,173,1
544,20240228,1,11,3,3,36.9,906424.33,466,1
545,20220114,10,5,8,3,57.1,1576371.84,96,1
546,20240813,7,5,1,1,58.2,1870192.93,176,1
547,20220601,7,5,7,10,35.1,635743.74,70,1
548,20220711,3,7,3,1,25.8,1132000.36,474,0
549,20221226,6,7,3,4,3.4,1970369.43,346,0
550,20231018,10,10,2,5,64.9,1606063.98,372,1
551,20220222,10,3,7,5,,580011.81,204,1
552,20220911,9,4,6,0,41.3,200782.71,498,1
553,20241114,8,8,2,1,5.6,695624.16,110,1
554,20231221,10,4,1,1,55.8,801387.52,29,1
555,20220720,8,7,7,1,47.2,419653.25,335,1
556,20220323,99,3,7,1,21.3,739410.31,104,1
557,20220827,4,10,3,4,12,1877289.86,38,1
558,20230319,10,10,1,3,22,341063.67,350,1
559,20230324,2,9,3,5,68,1222643.93,39,1
560,20220412,4,8,5,1,60.5,1016327.23,61,1
561,20240126,3,12,3,2,47.8,1820593.86,378,0
562,20230703,2,10,5,1,6.9,1630206.19,197,1
563,20230706,10,3,5,4,54.9,780525.07,13,1
564,,-1,3,5,4,44.5,899462.56,428,0
565,20240626,5,5,1,3,36.3,1258499.76,391,1
566,20230105,3,7,1,1,22.3,1432537.76,481,1
567,20230727,10,1,8,2,68.1,1567106.1,377,1
568,20230901,1,4,1,5,66.9,55890.43,479,1
569,20240904,9,11,3,2,8.9,241938.35,42,1
570,20240812,9,9,2,1,47.9,1522724.63,348,1
571,20241027,3,6,6,2,16.1,291111.97,310,1
572,20240715,2,2,10,4,34.5,1841832.39,396,1
573,20220130,9,6,3,1,8.6,1714508.1,486,0
574,20220118,9,4,3,3,41.3,214357.73,400,1
575,20230804,6,10,10,3,13.1,75320.35,374,1
576,20240715,7,8,1,5,N/A,1902945.62,270,1
577,20230101,10,9,2,5,30,1355894.19,324,1
578,20221031,9,5,7,2,44,1595315.65,435,1
579,20220129,6,11,7,3,62.7,1012339.91,4,1
580,20230202,6,2,3,3,65.6,1344431.91,380,1
581,20220309,4,12,7,1,39.4,1501602.58,207,0
582,20230315,1,1,8,4,59.9,207415.58,272,1
583,20221108,9,10,9,2,64.1,1280170.38,294,1
584,20221223,2,11,6,5,62.2,1123209.79,275,1
585,20220109,6,12,1,-1,43.4,1103425.25,69,1
586,20230603,8,1,5,5,4.9,387950.73,425,1
587,20241009,5,2,6,1,36.5,1847892.6,470,1
588,20230610,10,10,6,5,37.9,1157710.26,426,1
589,20241020,5,8,6,4,55.3,1809506.09,21,0
590,20230816,9,4,4,5,63.2,1001395.1,492,1
591,20220510,7,11,2,3,33.9,1662243.64,294,1
592,20240224,1,10,3,3,28.8,1440281.83,10,1
593,20240826,10,7,1,3,52.9,1650312.32,205,0
594,20240829,2,9,10,1,63.4,468392.84,419,0
595,20220216,8,10,6,1,58,348450.67,195,1
596,20230607,5,5,6,1,53.6,271855.31,32,1
597,20240303,8,6,7,1,31,1455524.05,63,1
598,20240312,4,8,5,2,56.5,142959.5,298,1
599,20220712,5,2,1,2,18.8,1962873.54,259,1
600,20220828,9,2,3,1,66.6,712561.67,467,1
601,20220706,3,12,1,3,45.2,853648.31,236,0
602,20220911,3,11,6,3,34.2,1577861.35,490,1
603,20241216,4,2,5,2,39.2,1118622.61,431,1
604,20240425,9,4,6,4,21.2,759182.3,34,1
605,20241211,2,2,4,5,54.2,163585.98,319,1
606,20230417,1,4,3,3,0.5,432435.84,330,1
607,20231109,10,10,2,4,56.7,1978402.67,410,1
608,20221028,4,6,1,2,61.8,1595863.2,10,1
609,20221204,8,4,8,5,53.4,1470740.34,332,0
610,20240806,9,9,3,4,67.5,550943.18,363,1
611,20220211,3,12,4,2,13.7,1732299.73,271,1
612,20240601,8,7,3,1,67.4,581560.43,202,0
613,20220803,6,8,1,1,40,885006.88,166,1
614,20231209,7,4,7,3,54.8,983215.78,417,1
615,20220201,9,8,1,1,63.5,1367383.16,494,1
616,20221223,3,8,1,4,70.1,86583.18,83,1
617,20220206,8,12,1,3,30.3,1101648.88,313,1
618,20240101,2,12,8,1,63.7,666043.17,495,1
619,20240519,4,5,7,4,53.6,1715051.54,258,1
620,20220816,10,11,9,2,22.7,1544074.99,269,0
621,20240924,2,10,3,3,2.9,34467.14,366,1
622,20220219,1,9,9,1,15.3,322583.66,124,1
623,20220820,9,5,3,2,-2,1885475.66,102,1
624,20230321,10,6,1,3,14.2,1694181.74,253,1
625,20220519,4,3,10,5,29.7,1927610.76,290,1
626,20240229,3,10,9,5,65.4,1161823.61,166,1
627,20240506,4,4,6,1,10.6,1077131.83,485,1
628,20230401,2,8,7,2,60.3,371012,429,1
629,20220323,7,1,1,2,24.7,1234277.59,2,1
630,20220530,7,5,3,1,30.1,369862.62,65,1
631,20230607,5,2,9,4,50.2,353577.91,91,1
632,20220518,1,7,9,4,8.9,636170.79,430,1
633,20231129,3,12,6,5,25.3,1304613.49,319,0
634,20220327,4,8,3,3,14.8,978391.41,371,1
635,20241017,2,9,6,2,42.3,1528569.49,218,1
636,20230525,7,3,5,3,53.7,1974614.21,276,1
637,20231224,3,8,6,4,49.9,1159906.45,455,1
638,20241116,4,6,3,3,20.3,351295.61,1,1
639,20231106,8,10,6,3,68.4,468612.79,409,1
640,20241026,5,11,7,4,49.1,217956.77,1,1
641,20230612,10,1,7,1,29,1087909.36,232,0
642,20241106,2,11,5,2,3.8,96031.91,132,1
643,20221013,9,1,1,4,29.8,498577.56,281,1
644,20220809,2,2,6,3,20.8,1645871.93,394,1
645,20240217,2,11,7,1,35.3,229864.24,244,1
646,20220827,8,3,5,1,66.5,1290519.53,96,1
647,20230731,10,5,1,2,5.3,1437700.61,249,1
648,20230825,1,7,2,3,32.3,1008020.63,496,1
649,20220407,1,2,3,2,27.9,923964.25,363,1
650,20240808,5,1,5,3,45.7,511405.12,380,1
651,20240602,9,6,9,5,51.6,123403.54,117,1
652,20220404,10,1,10,3,51.3,313959.4,474,1
653,20241214,2,2,2,2,5.7,1696036.37,246,1
654,20240523,9,6,8,4,8.2,1711451.55,440,1
655,20240827,3,9,3,4,44.9,451813.61,203,1
656,20240901,6,2,10,4,1.6,1355785.08,333,1
657,20241120,7,3,3,4,21,11947.02,109,1
658,20230526,1,10,3,1,36.5,754538.48,45,1
659,20230214,8,8,1,4,11.9,1226215.73,223,1
660,20230121,9,11,2,4,16.1,1166900.94,182,1
661,20230104,6,12,1,4,68.6,1178074.03,192,1
662,20220211,4,1,7,3,63.6,1288841.38,76,1
663,20220620,2,2,3,5,50,1057661.2,194,1
664,20221003,8,1,9,2,28.8,817850.76,449,1
665,20241118,1,2,3,3,69.8,1755026.6,367,0
666,20230705,3,3,1,2,15,91649.09,28,1
667,20231030,1,1,7,2,66.2,935261.05,497,1
668,20240910,3,2,1,2,33.4,951939.14,39,0
669,20240608,4,1,6,10,31.7,1716050.25,100,1
670,20230321,9,4,5,5,11,1164379.67,306,1
671,,10,3,6,10,34.1,1020966.97,410,1
672,20220826,6,7,3,5,N/A,1047927.55,447,1
673,20241219,6,12,5,3,16.1,346057.05,377,1
674,20220410,8,10,2,5,27.8,1597238.46,34,1
675,20230916,1,10,8,5,22,1153598.32,376,1
676,20240422,7,6,5,5,17.3,620112.96,237,1
677,20230731,7,9,3,5,25.8,1661359.89,154,1
678,20230221,0,5,1,5,52.2,1328672.76,74,1
679,20241121,10,6,1,1,46.5,283380.26,500,0
680,20220527,10,11,1,5,51.7,1443877,463,1
681,20240419,9,8,3,1,47.6,479596.13,108,0
682,20240123,,2,1,5,59.8,1942658.68,116,0
683,20221015,10,10,10,5,60.7,390570.67,78,1
684,20241215,7,12,7,1,56.9,1443045.6,489,1
685,20220416,5,5,3,5,70.1,1222466.44,289,1
686,20221123,3,1,7,1,17.5,1830243.67,114,1
687,20240825,3,6,9,3,6.9,390701.78,301,1
688,20230313,4,3,8,4,59.6,639525.08,103,1
689,20230117,8,12,5,2,70.8,80620.19,379,1
690,20240304,5,2,3,1,20,7766.48,328,1
691,20220921,6,2,9,2,39.6,1382300.28,173,1
692,,6,10,5,4,43.1,283920.18,486,1
693,20241029,3,11,10,3,15.3,1860538.66,440,1
694,20230803,4,2,6,4,34.5,1308969.95,284,1
695,20240426,3,1,5,1,45.2,854696.34,276,1
696,20230522,6,8,3,0,19.5,1352852.61,231,1
697,20240930,10,10,7,2,14.9,502107.62,40,1
698,20221230,5,2,3,3,36.9,1959901.46,277,1
699,20220304,7,9,2,1,57.3,887729.74,458,1
700,20220615,5,11,9,3,54.4,901048.36,430,1
701,20240812,7,5,1,5,9.6,871607.24,403,1
702,20220715,6,7,9,2,56.6,977147.06,124,1
703,20221210,1,1,2,2,56.5,736769.05,78,1
704,20240113,7,8,4,2,33.6,139451.15,171,1
705,20240806,6,11,4,4,11,230165.97,315,1
706,20230507,1,6,1,2,28.1,1857468.82,448,1
707,20230510,9,2,6,5,70.2,710988.93,280,1
708,20231016,6,9,2,3,31.1,1371934.36,161,1
709,20231030,6,7,1,3,53.3,1354136.52,69,1
710,20220829,5,5,10,3,2.5,970738.56,99,1
711,20240316,1,2,6,5,59.7,697143.47,496,1
712,20240110,5,3,1,1,22.5,425847.26,473,1
713,20221007,9,1,9,3,71.5,140015.91,264,1
714,20240904,3,9,3,2,2.2,446902.46,56,1
715,20241014,5,7,8,3,51.7,777710.14,286,1
716,20230725,6,11,1,4,4.3,369136.46,269,1
717,20230403,6,4,3,5,19.1,1163641.52,302,1
718,20230707,3,12,6,1,57.3,1442582.35,208,1
719,20230319,5,2,1,3,63.3,847139.7,255,1
720,20230407,5,12,7,5,,1899580.21,357,1
721,20220120,9,12,3,5,26.1,1938320.81,223,1
722,20231004,6,6,9,4,8.4,46653.1,341,1
723,20220527,6,11,2,0,48.7,938912.86,152,1
724,20220828,3,11,8,3,11.7,167862.03,106,1
725,20220409,10,8,6,2,9,1772684.35,230,1
726,20221007,9,2,9,1,63.8,1402762.8,497,1
727,20230430,10,9,3,2,1.4,,318,0
728,20230116,1,9,8,5,37,1760670.77,496,1
729,20241206,3,2,4,4,48.6,1283417.26,412,1
730,20240814,7,7,1,5,20.6,290806.49,229,1
731,20240508,4,12,8,1,25.3,1835823.48,1,1
732,20220129,3,7,7,3,54.1,1001128.51,276,1
733,20221216,4,11,9,3,28.3,474935.95,377,0
734,20231011,7,2,1,1,13.8,82545.78,337,1
735,20230904,4,7,10,1,52.2,96817.91,483,0
736,20231213,10,7,5,3,34.8,118223.34,173,1
737,20241202,9,8,7,-1,67.6,1799796.02,229,0
738,20231029,6,7,3,2,52.2,1815155.67,387,1
739,20220522,10,6,5,4,46.8,1123844.4,287,1
740,20240515,8,4,1,5,32.8,654188.78,179,0
741,20240612,7,10,7,2,41.7,1630118.13,389,0
742,20231109,3,1,1,3,18.8,1896848.94,457,1
743,20231021,10,5,1,5,44.5,313132.56,132,1
744,20230828,8,8,5,1,19.6,781643.58,423,1
745,20231215,6,11,3,5,36.7,954587.07,383,1
746,20240321,1,4,1,3,48.3,1424003.41,108,1
747,20221202,10,7,9,4,61.7,257542.95,30,0
748,20241213,6,12,3,2,38.2,1152902.67,57,1
749,20230810,5,4,1,3,64.3,851132.58,356,1
750,20230717,8,3,3,2,17,1501809.63,14,1
751,20241011,3,4,1,1,54.3,1529217.75,332,1
752,20230709,9,1,6,1,6,N/A,367,1
753,20240921,0,7,6,2,25.9,1250813.92,451,1
754,20220606,10,6,2,5,28.3,17114.03,454,1
755,20220726,1,7,10,2,23.4,589983.83,167,1
756,20220901,9,2,1,1,69.2,712138.85,424,1
757,20230628,8,6,5,4,15.1,1613428.77,467,0
758,20241015,8,11,6,4,56.9,118106.12,2,1
759,20220928,5,10,5,4,6.9,333896.15,326,1
760,20240728,4,7,7,4,0.6,1287569.47,419,1
761,20230712,3,10,1,4,33.8,1746905.39,20,1
762,20230831,5,6,9,3,51.2,842785.71,197,0
763,20240813,4,9,1,2,20.3,972552.28,454,0
764,20240803,9,7,10,2,41.8,213746.63,416,1
765,20230814,5,9,5,2,-2,1560123.02,179,1
766,20220221,8,12,1,5,3.7,960970.82,307,1
767,20240628,-1,1,2,5,21.8,1293067.7,490,1
768,20220911,8,12,8,1,22.6,875152.97,216,1
769,20220220,10,5,3,2,44.3,649995.43,479,1
770,20220303,5,9,1,3,55.1,656434.15,354,1
771,20220926,10,10,5,1,17.9,591125.45,369,1
772,20240405,4,2,1,3,21.2,834779.6,455,1
773,20220612,1,2,6,3,13.4,958001.39,17,1
774,20241010,0,10,6,4,31.9,1074360.42,188,1
775,20241125,7,9,9,2,64.7,1050760.85,471,1
776,20220619,4,10,1,1,6.1,932832.54,358,1
777,20240924,9,3,3,2,5.8,293990.79,142,1
778,20220608,5,12,9,1,28.6,756122.52,390,1
779,20240420,2,12,10,4,33.8,1351778.58,414,1
780,20230505,3,8,1,4,65.8,309739.73,271,1
781,20231101,10,7,2,5,39.9,1210435.69,13,0
782,20220105,6,8,5,3,66.1,1198072.95,316,1
783,20241201,4,4,7,5,53.4,1467353.22,147,0
784,20230224,7,10,1,5,61.7,60793.27,416,1
785,20240504,4,2,1,4,61.7,1381278.86,333,1
786,20240615,6,11,6,1,0.6,998038.67,70,1
787,20231009,5,3,4,3,62.2,812289.06,50,1
788,20220225,3,6,3,1,25.9,1819169.6,435,1
789,20220810,7,3,1,4,34.2,144265.24,185,1
790,20240822,7,6,1,3,34.4,781995.8,353,1
791,20240415,10,11,6,2,63.9,1457762.33,350,1
792,20220505,1,8,3,5,41,653713.19,132,1
793,,8,2,1,5,9.3,698221.11,96,1
794,20220203,2,2,3,4,12.5,1863642.2,5,1
795,20220124,,6,7,4,71.1,1683018.71,291,1
796,20241125,5,11,1,2,6.6,-500,249,1
797,20240302,7,4,7,3,50.9,608658.95,459,1
798,20231230,9,9,10,1,48.1,679752.02,174,1
799,20240225,6,2,1,3,16.2,1029162.82,211,1
800,20241114,5,4,9,1,33.6,71271.04,310,1
801,20220601,10,8,1,1,71.7,1999663.07,433,1
802,20220711,7,3,3,4,50.7,1452734.37,224,1
803,20241116,7,3,5,3,11.9,1991497.83,125,1
804,20240103,6,2,3,1,52.8,1492311.77,143,1
805,20220402,6,7,1,2,62.6,921723.34,229,1
806,20240326,8,10,2,5,54.1,587189.19,95,1
807,20220713,5,10,3,4,12.6,161231.98,347,0
808,20230729,8,2,9,4,3.2,1150827.47,313,1
809,20231125,8,10,5,1,68.2,-500,281,1
810,20231216,5,5,8,5,38.2,555901.1,179,0
811,20230805,4,11,3,2,37.9,849064.48,450,1
812,20220803,10,5,1,5,51.2,131598.91,346,1
813,20230324,8,1,6,6,3.2,72860.35,370,1
814,20241230,10,5,10,4,15,813281.98,443,0
815,20240610,9,4,5,4,23,168661.63,304,1
816,20230305,6,6,5,6,58.6,1762422.9,273,1
817,20240822,3,10,5,1,41.2,151957.54,274,1
818,20220416,5,8,9,3,6,1086327.48,10,1
819,20221021,4,12,7,4,12.7,149809.36,249,1
820,20230203,2,9,5,3,36.9,757190.61,273,1
821,20240506,1,6,2,3,18,392064.36,338,1
822,20230406,4,8,1,4,35.4,286577.1,334,1
823,20231114,9,12,10,1,13.3,994298.39,353,1
824,20240119,3,2,3,3,65.4,106136.55,157,1
825,20231216,1,9,2,5,45.7,196868.81,468,1
826,20231222,1,7,5,1,51.4,1892204.03,154,1
827,20220430,5,5,5,2,66.6,1731888.01,333,1
828,20230105,7,1,2,3,54,1595378.26,279,1
829,20240904,9,12,1,1,13.3,1030742.89,275,1
830,20220310,10,9,5,6,23.1,547883.36,94,0
831,20240629,5,6,1,10,70.5,92225.59,453,1
832,20221102,10,11,1,4,71.6,774753.58,343,1
833,20240602,7,2,5,4,1.2,1284995.27,328,1
834,20220906,4,8,8,2,9.6,1957732.4,363,1
835,20220811,7,2,9,3,37.3,975927.06,445,1
836,20221206,2,3,3,1,61.6,1882986.19,265,1
837,20230707,4,11,1,5,54.9,842360.9,89,1
838,20240803,8,9,5,2,14.4,153794.93,239,1
839,20220317,2,4,1,5,22.7,182051.64,423,1
840,20230326,2,1,3,5,62.1,398363.77,451,1
841,20230109,2,7,1,3,25.7,655238.69,396,0
842,20231012,10,11,3,2,37.4,429718.15,241,1
843,20240521,5,3,9,2,10.5,1119278.86,22,1
844,20220815,4,5,6,3,57.5,1403763.86,58,1
845,20240223,5,1,3,2,64.5,862964.54,326,1
846,20230108,5,10,5,5,56.7,294297.97,392,0
847,20230926,2,4,6,4,22,748901.26,415,1
848,20230721,1,6,1,1,35.4,217658.27,164,1
849,20230616,1,4,8,5,44.8,821619.39,65,1
850,20231212,10,12,9,3,56.9,1679131.46,79,1
851,20241205,1,1,3,2,5.1,1590433.06,205,1
852,20240725,4,3,6,4,10.5,768496.18,166,1
853,20241024,7,9,1,10,22.2,1101664.66,484,1
854,20231222,4,8,7,2,13.6,551002.63,183,1
855,20240519,9,8,7,4,71.8,356679.27,123,0
856,20230628,7,10,8,2,28.4,1446501.03,225,1
857,20220522,9,7,3,2,35.2,318167.91,446,1
858,20230407,4,1,7,5,62.3,1683433.61,204,1
859,20221028,9,12,10,1,16,780920.7,472,0
860,20231224,2,5,4,3,10.6,1829654.39,196,0
861,20230624,6,3,9,3,35.9,1786530.78,337,1
862,20220415,5,8,3,99,38.1,1144140.02,107,1
863,20220213,5,2,9,3,5.4,1625389.06,400,0
864,20240518,9,11,7,2,20.9,852514.09,6,1
865,20240716,99,8,7,1,33.5,1487003.18,321,0
866,20230908,3,11,3,3,21.6,168284.83,84,1
867,20230228,4,11,7,4,59.7,757648.26,447,1
868,20230128,4,6,7,2,12.1,1123686.77,239,1
869,20230608,3,3,9,3,15.7,620397.92,77,1
870,20220322,10,11,1,5,68.9,1440207.17,41,1
871,20240416,4,3,3,4,45.5,417111.45,27,1
872,20230118,5,1,5,3,39.1,132141.14,167,1
873,20240526,4,8,5,1,46.4,1855743.17,319,1
874,20241207,5,4,1,1,43,369713.34,361,1
875,20220708,5,2,1,3,48.1,216539.7,377,1
876,20240215,2,11,6,3,67.9,1835102.15,412,1
877,20230607,6,6,1,3,,1145565.38,427,1
878,20220221,10,11,5,5,63.6,1116531.86,183,1
879,20231123,9,4,2,2,29.1,1700884.75,197,1
880,20240606,2,8,6,1,4.8,1803091.06,427,1
881,20220424,6,3,9,5,33.1,835578.08,336,1
882,20231211,3,4,2,4,27.2,1758212.62,84,1
883,20220129,9,11,9,3,66.3,500084.06,193,1
884,20240627,9,6,1,1,9.8,735277.98,36,1
885,20240404,1,11,3,4,20.2,748972.33,489,1
886,20230721,2,2,3,1,38.5,1889074.42,424,0
887,20230815,5,9,6,2,39.3,1129252.86,415,1
888,20220103,1,11,2,5,60.3,731755.22,12,1
889,20220213,8,2,8,2,38.6,487776.88,107,1
890,20230414,2,5,6,2,40.3,925838.41,367,1
891,20230122,5,12,8,4,68.7,1959982.06,269,1
892,20230421,5,4,2,5,57.4,1246976.51,131,0
893,20230616,2,2,1,4,50.2,1448309.06,320,1
894,20220323,8,9,3,1,32.5,59905.27,255,1
895,20220501,5,3,5,2,3.5,1970558.87,344,1
896,20220820,6,3,10,4,38.5,-,192,1
897,20240701,,5,7,3,27.6,740584.05,62,1
898,20220304,8,9,7,4,6.8,1043093.57,267,1
899,20221206,6,4,6,1,23,1769506.26,41,1
900,20240909,3,9,3,5,65.3,333145.22,120,1
901,20240814,2,7,3,3,38.3,802478.59,111,1
902,20241215,5,4,7,4,0.7,1093895.77,173,1
903,20220510,10,2,1,5,21.4,1706827.68,485,1
904,20230718,8,6,6,2,40.8,1726028.39,310,1
905,20220726,4,7,1,3,30.2,1479844.7,376,1
906,20230805,7,11,1,2,65.8,985694.82,230,1
907,20240818,9,8,10,4,27.9,1177644.89,412,1
908,20220712,8,3,2,3,27.9,1692853.07,342,1
909,20220918,9,2,7,2,39.7,566623.29,438,0
910,20230709,10,12,7,3,31.9,1084984.77,52,1
911,20230519,5,9,5,4,20.5,898776.69,491,1
912,20230615,7,7,5,5,41,1198540.83,386,0
913,20230901,9,6,7,3,11.8,456176.81,276,1
914,20231123,2,2,3,2,47.1,125550.33,464,1
915,20220504,4,12,1,2,17.8,560041.34,436,0
916,20231209,2,11,1,3,47.7,574403.07,407,1
917,20230708,8,9,8,1,55.9,544865.01,291,1
918,20220922,9,10,7,1,48.2,1067121.45,85,1
919,20220224,9,7,1,2,42.6,84098.25,202,1
920,20220407,1,11,3,5,5,10372.12,126,1
921,20220122,10,2,9,4,61.1,1013788.83,159,1
922,20240707,10,2,2,2,25.2,1286616.24,77,1
923,20240804,2,7,9,2,11.9,245232.83,159,1
924,20220405,1,8,4,1,4.8,1708397.27,397,1
925,20241227,1,3,3,3,39.9,583522.91,188,1
926,20240115,6,1,1,2,55.8,1613074.69,316,1
927,20220314,3,8,3,3,28.1,N/A,426,1
928,20231107,5,1,7,5,53.8,514847.83,149,1
929,20221105,2,12,6,3,41.5,1210198.23,282,1
930,20231014,8,5,2,1,36,120216.34,296,1
931,20220316,4,5,9,2,-2,N/A,417,1
932,20230321,10,3,6,4,40.8,159888.82,323,1
933,20240131,3,5,9,3,22.7,441066.23,63,1
934,20231126,3,11,9,5,24.1,784527.79,294,1
935,20221017,10,2,1,4,28.3,450925.28,271,1
936,20230205,4,1,6,5,51,876901.41,330,1
937,20240829,9,2,5,4,27.7,1206923.99,283,1
938,20241029,4,7,1,4,47.2,1315800.67,369,1
939,20230729,7,11,3,5,17.4,1662719.26,124,1
940,20220513,9,9,9,3,30.6,1748687.3,94,1
941,20220325,3,8,9,4,42.6,1682816.75,158,1
942,20240704,5,7,7,1,22.1,901265.85,125,1
943,20240829,9,10,1,1,65,128122.8,252,1
944,20221124,5,8,3,4,29.6,569085.22,229,1
945,20241013,2,10,3,5,58.5,1058612.55,52,1
946,20240112,7,11,10,1,66.5,779267.3,430,0
947,20240524,1,12,6,2,68.1,65795.28,147,1
948,20240203,8,2,7,5,68.4,-,41,1
949,20221113,2,4,1,4,14.4,1670229.44,397,0
950,20230724,5,11,7,5,10.9,408699.95,302,1
951,20240709,9,6,9,2,9.8,1712705.04,475,1
952,20220104,6,10,2,1,50.2,1138533.11,375,1
953,20220616,2,1,6,5,42.9,1054867.16,142,1
954,20240718,9,7,9,4,36,569162.05,293,1
955,20230402,3,12,5,2,32.6,330858.22,331,1
956,20240921,8,3,6,4,20.6,1435033.88,129,1
957,20220702,5,11,10,5,9.6,1647486.16,57,1
958,20240416,4,7,6,2,34.3,1490209.39,321,1
959,20231006,4,2,3,4,55.7,105272.22,354,1
960,20220718,7,3,6,1,23.4,1531207.91,317,0
961,20220712,2,9,1,1,18.9,1822003.63,277,1
962,20221027,5,5,7,5,19.4,793373.13,12,1
963,20220420,3,6,2,3,56.4,560831.9,123,1
964,20240421,3,6,2,3,22.6,487825.13,394,1
965,20220327,1,6,6,3,32.5,199594.28,35,1
966,20240807,4,10,9,4,23.2,740468.77,469,1
967,20220502,5,7,5,1,62.4,1075714.72,471,1
968,20230804,5,11,7,4,34.7,1119018.54,9,1
969,20231004,5,12,6,3,49.4,1360776.14,8,1
970,20241017,2,4,3,1,4.1,1762693.75,362,1
971,20240102,9,1,5,5,17.5,1651814.63,81,1
972,20220207,7,12,5,2,56.8,1514793.91,204,1
973,20220817,8,10,2,5,63.9,1231381.36,211,1
974,20220714,7,9,10,2,0.6,946089.75,373,1
975,20240503,4,10,2,5,65.7,99501.07,491,1
976,20231231,7,3,6,1,60.4,1493290.45,426,0
977,20240904,1,4,5,5,5.4,333894.01,317,1
978,20221025,5,7,6,2,55.3,1066501.7,319,1
979,20240326,9,4,3,5,44.5,1052447.91,137,0
980,20240930,9,2,1,4,6.2,421331.2,467,1
981,20220117,5,3,6,2,58.7,1227010.94,183,1
982,20240525,1,2,1,2,44.6,313651.34,205,0
983,20220402,2,10,3,4,33.3,457238.51,22,1
984,20230910,8,5,6,5,20.7,382725.61,103,1
985,20240204,10,9,10,2,31.3,236830.5,433,1
986,20240712,8,4,8,5,58.9,1399039.81,288,1
987,20240110,5,1,3,3,70.9,735339.4,166,1
988,20220627,3,11,2,4,16.7,771649.44,322,0
989,20220425,9,9,3,3,38.7,1010319.9,123,1
990,20220326,5,12,7,3,48.8,455570.27,203,1
991,20220808,0,6,10,2,39,399515.59,15,1
992,20230118,8,9,5,5,-2,252560.91,246,1
993,20240522,4,3,5,4,66.3,726875.12,111,1
994,20230831,1,7,9,5,13.9,1961250.81,293,0
995,20230214,7,12,10,1,41.4,1290066.87,194,1
996,20220327,10,10,1,5,62.7,373569.49,174,1
997,20230728,9,7,5,1,53.3,1169333.64,409,0
998,20220105,7,3,1,1,11.6,1675840.73,160,1
999,20220803,1,3,1,3,24.5,1111494.77,226,1
1000,20220826,9,7,3,4,46,129334.46,74,1
1001,20220331,6,2,1,1,8.6,215202.28,88,1
1002,20220225,4,3,1,5,32.8,200113.26,102,1
1003,20230301,2,7,2,5,50,1869907.84,454,1
1004,20220312,7,1,8,2,18,1875530.46,57,1
1005,20240824,4,10,7,1,17,90176.95,493,0
1006,20241219,2,9,9,1,46.5,323871.44,414,1
1007,20230710,9,8,1,5,32.3,767359.01,48,0
1008,20230820,5,3,2,2,37.6,473555,195,0
1009,20240111,5,9,1,2,55.8,1865251.73,158,0
1010,20220906,7,2,1,4,21.3,1243599.08,385,1
1011,20220408,8,10,1,4,31.2,1785631.12,180,1
1012,20230125,9,10,6,2,0,41702.49,257,1
1013,20231008,9,1,8,1,35.9,873480.03,372,1
1014,20220117,6,1,4,2,44.2,570382.08,5,1
1015,20240718,,8,5,4,28.1,1668288.75,370,1
1016,20221215,4,9,10,2,55.5,224305.43,12,0
1017,20240904,9,9,8,2,60.3,18121.55,317,1
1018,20230716,8,12,7,5,10.9,1233705.73,101,1
1019,20230816,9,3,9,4,34,1532674.58,324,1
1020,20240925,0,7,7,4,16.4,1206380.72,287,1
1021,20240918,9,8,5,4,33.7,764905.83,122,1
1022,20230320,3,6,1,1,40.9,477584.39,181,1
1023,20220603,6,3,2,1,16.4,1564228.39,196,1
1024,20231001,10,10,2,2,16,799137.92,355,1
1025,20230926,9,11,5,2,21.5,1361764.69,369,1
1026,20230607,9,8,1,5,5.8,1504482.4,197,1
1027,20240930,6,9,7,5,56.6,1433059.81,286,1
1028,20221104,8,2,3,5,11.3,1476446.36,73,1
1029,20221208,7,4,5,3,38,1948227.09,5,1
1030,20230523,10,7,6,2,65.6,1853947.99,122,1
1031,20231220,6,12,3,1,51.3,1968296.65,13,0
1032,20240620,1,10,2,1,64.9,463144.1,270,1
1033,20221115,6,1,3,2,17.5,683477.36,116,0
1034,20230519,6,2,5,3,67.3,1548002.44,11,1
1035,20221225,3,4,5,4,1.3,846462.33,208,1
1036,20240111,1,2,9,1,27.2,1467422.27,258,1
1037,20220602,8,9,9,4,24.4,457404.2,269,0
1038,20220127,8,8,1,2,68.8,1978846.02,25,1
1039,20221102,10,11,5,1,48.8,548903.36,18,1
1040,20230424,3,12,6,2,9.4,391546.55,357,0
1041,20230318,7,6,6,4,51.1,1584768.03,321,1
1042,20230928,4,12,1,5,71,1234611.99,268,1
1043,20220327,8,1,7,3,51,1771880.9,277,1
1044,20230319,10,9,6,4,47.2,228651.84,478,1
1045,20240325,6,6,3,4,24.8,1485444,278,1
1046,20230425,8,1,5,4,23.6,1575325.66,373,1
1047,20220829,4,3,9,5,9.8,295016.53,442,1
1048,20230825,5,9,6,1,46.8,26425.9,267,1
1049,20240811,4,7,8,4,39.1,1714345.39,329,0
1050,20221106,7,12,2,5,64.9,100057.95,129,0
1051,20220121,1,10,4,4,35.2,1548024.65,414,1
1052,,7,12,6,3,8.4,670967.77,433,1
1053,20241217,4,3,3,5,44.3,583775.02,168,1
1054,20230804,6,3,3,4,42.3,135071.32,354,0
1055,20220602,7,1,2,2,1.2,877349.15,220,1
1056,20220710,5,4,9,2,52.6,149723.71,103,1
1057,20230419,8,9,5,5,38.8,1303205.51,151,0
1058,20240117,4,11,5,5,41,1681405.38,76,1
1059,20231020,7,2,2,1,12.2,1021296.39,264,1
1060,20220217,4,10,5,4,41.6,1355271.75,456,0
1061,20241104,8,4,9,2,36.8,1978123.18,207,1
1062,20231214,2,12,3,2,63.2,447775.65,412,1
1063,20221001,1,10,1,2,41,365329.15,257,1
1064,20241011,4,7,8,1,20.8,1968915.56,89,1
1065,20231230,1,10,1,4,18.7,608234.42,197,1
1066,20220516,9,4,10,2,31,1483030.74,320,1
1067,20230225,2,11,5,4,17.5,346194.28,86,1
1068,20220809,9,6,2,5,30.7,1105223.48,309,1
1069,20231128,2,11,5,10,34.5,1061442.85,234,1
1070,20240104,6,7,8,1,16.3,60701.05,397,1
1071,20240217,10,10,3,4,62.8,994683.26,69,0
1072,20231031,3,3,8,3,36.6,759496.71,262,1
1073,20230727,8,8,6,3,69.2,1733106.8,284,0
1074,20230218,8,11,6,1,55.1,1273228.49,438,1
1075,20230325,2,11,1,5,8.9,801891,272,1
1076,20241227,9,1,8,5,3.2,571624.6,234,1
1077,20220128,3,4,1,4,52.4,1942559.63,63,1
1078,20230521,3,6,9,2,56.3,880142.43,107,1
1079,20240118,1,4,1,4,16.7,1582962.96,418,1
1080,20241025,4,11,3,2,71.4,89418.48,303,1
1081,20240401,5,2,7,4,4.3,1880086.61,84,0
1082,20230702,3,6,1,3,47.8,1790982.53,67,0
1083,20220329,5,7,3,1,28.2,402039.87,290,1
1084,20220827,2,4,1,1,27,1129233.7,316,1
1085,20220801,7,4,6,3,65.2,962891.9,232,1
1086,20230914,6,6,7,2,25,805501.32,271,1
1087,20231021,1,6,5,5,29.8,1453285.85,151,1
1088,20240120,8,2,1,4,57.1,97441.57,489,1
1089,20230121,10,1,6,1,45.7,1136236.84,6,1
1090,20241020,5,6,5,5,12.1,749889.73,481,1
1091,20220426,1,9,3,2,64,1438179.92,335,1
1092,20220616,5,6,3,5,70.9,1044585.31,347,0
1093,20240826,7,9,6,1,10.7,1309754.2,145,1
1094,20220429,10,7,9,4,21.9,,180,1
1095,20230819,1,10,3,5,10.4,1922627.62,49,1
1096,20240623,2,9,3,4,71.8,355292.35,144,1
1097,20230410,10,12,10,2,4.2,908718.1,497,1
1098,20220124,4,3,1,4,51.1,145978.27,358,1
1099,20240724,10,10,9,5,-2,937103.71,34,1
1100,20240921,2,4,5,1,67.5,151450.67,388,1
1101,20230113,9,12,8,2,63.8,310596.2,206,1
1102,20240104,1,3,6,5,48.3,864279.55,124,1
1103,20220830,10,11,9,1,64.2,1947061.71,471,1
1104,20220325,6,9,9,5,13.1,340354.52,411,1
1105,20220508,4,1,2,3,63.6,568811.53,54,1
1106,20230324,1,5,1,1,3,1721204.89,12,1
1107,20220528,5,12,2,3,31.7,1140370.34,484,1
1108,20230124,3,5,9,5,6.5,321190.25,345,1
1109,20241002,5,9,1,4,44.7,384191.88,256,1
1110,20240308,7,10,10,1,55,1163022.04,232,1
1111,20240505,4,11,9,4,42.2,1449241.39,159,0
1112,20241015,9,9,3,4,29.6,1042699.47,147,1
1113,20241203,10,5,1,1,50.2,1456269.34,337,0
1114,20220719,4,6,6,5,52.7,60449.22,261,1
1115,20230703,4,5,1,4,24,674614.07,52,1
1116,20221123,7,2,6,3,54.7,558951.29,298,1
1117,20231024,2,9,1,4,10.8,1600160.05,16,1
1118,20230907,8,4,3,4,62.4,948986.67,128,1
1119,20220212,8,5,1,2,52.4,181402.87,161,1
1120,20230212,4,6,3,2,28.5,1171477.39,32,1
1121,20220614,2,9,8,5,57.4,528243.08,284,1
1122,20230203,9,7,6,3,10.5,1658358.84,346,1
1123,20221223,6,4,10,3,57.8,1560787.22,445,1
1124,20230817,4,9,9,1,36.6,907287.03,223,1
1125,20220412,10,10,5,3,40.5,476403.4,81,0
1126,20240401,1,5,9,4,36.6,1125205.15,39,1
1127,20220725,2,1,10,5,70.3,857160.39,125,1
1128,20241214,8,11,1,3,41.6,535731.07,249,1
1129,20231021,4,3,1,2,9.3,709181.78,268,1
1130,20231031,8,3,3,4,62.4,1281567.1,203,1
1131,20241013,3,10,4,4,24.7,1796636.75,359,1
1132,20220920,7,4,7,5,56.1,278054.85,490,1
1133,20241013,10,8,3,2,66.5,1621209.15,300,1
1134,20220115,4,11,1,2,13.1,1252061.38,495,1
1135,20230903,2,11,5,4,28.9,896086.77,360,1
1136,20220315,3,7,3,1,18.8,946824.2,4,1
1137,20231021,1,2,2,3,21.1,254229,191,1
1138,20220520,4,1,9,4,31.2,1363705.41,374,1
1139,20240203,1,11,9,3,30.3,1961469.19,83,1
1140,20220831,-1,7,6,3,65.5,546114.95,116,1
1141,20240325,3,5,5,5,42.2,1375957.79,284,0
1142,20230823,9,5,2,3,13.9,998357.61,333,0
1143,20230103,9,4,2,5,10,1556127.45,144,0
1144,20241221,2,5,3,2,9,1777343.56,163,0
1145,20231010,4,12,7,3,50.4,126286.98,457,1
1146,20240903,10,6,7,4,13.8,247029.66,237,1
1147,20240707,4,7,5,5,26.8,1342799.39,438,1
1148,20240412,1,3,5,3,48.4,580542.14,80,1
1149,20231007,10,4,9,4,5.5,1505912.37,358,1
1150,20221208,5,6,3,4,23.1,1363068.73,392,1
1151,20230809,2,2,8,5,27.1,1646432.06,379,1
1152,20230519,4,5,5,1,8.8,1596143.29,472,1
1153,20241009,3,12,8,1,33.7,3905.08,244,1
1154,20230305,7,4,1,1,58,929990.55,65,1
1155,20221224,9,12,3,1,20.7,206125.32,207,1
1156,20230830,8,4,4,2,23.8,835835.4,381,0
1157,20220208,8,12,9,4,43.4,801899.03,9,1
1158,20240528,3,8,4,2,66.8,1697398.34,146,1
1159,20230905,3,6,4,2,23.9,1390547.38,248,1
1160,20220620,5,7,2,2,11.8,331301.18,231,1
1161,20241128,8,12,3,4,50.5,764070.25,93,1
1162,20240117,,4,3,2,67.1,396679.68,20,1
1163,20230327,9,8,3,3,0.9,171634.71,443,1
1164,20220803,4,7,5,1,38.4,286004.19,163,1
1165,20231018,10,7,9,4,70.9,1516265.81,270,1
1166,20240510,1,2,2,3,29,903443.87,372,1
1167,20240301,9,9,1,4,6.6,607247.08,467,1
1168,20230601,7,6,3,2,33.3,347185.6,429,1
1169,20240515,2,8,9,3,33,309577.04,83,1
1170,20240807,7,6,3,2,59.1,915513.68,215,1
1171,20240629,9,10,3,5,1,992033.15,189,1
1172,20231123,8,2,10,5,23.3,1756683.04,164,1
1173,20220613,2,2,8,3,52.9,374987.27,343,1
1174,20240910,9,7,3,2,4.2,N/A,453,1
1175,20220423,8,10,3,4,65,204001.4,200,1
1176,20230822,4,9,3,5,38,1552750.73,76,1
1177,20230909,10,5,2,4,70.4,1382890.68,239,1
1178,20230331,6,10,8,2,17.1,1335318.02,206,0
1179,20230414,6,1,6,5,59.7,548075.13,43,1
1180,20220319,1,10,3,3,56.2,306306.05,129,1
1181,20231120,10,7,5,5,48.4,1814523.06,262,1
1182,20230104,2,10,6,2,63.4,1663877,99,1
1183,20241229,8,11,1,2,,417346.49,452,1
1184,20241117,4,9,2,1,56.4,1424207.25,294,1
1185,20240229,6,11,7,2,46,469192.15,229,1
1186,20230927,9,1,1,2,36.7,1102094.64,183,1
1187,20231108,7,5,7,1,34.7,36207.17,155,1
1188,20230119,10,6,1,1,53.8,1732741.46,378,1
1189,20240719,10,2,6,4,46,974207.23,449,0
1190,20220609,8,9,3,3,38.7,1060882.99,200,0
1191,20240618,,4,6,2,65.2,618438.03,58,1
1192,20240421,9,7,5,2,5,778590.6,125,0
1193,20240316,1,11,10,1,33,508232.14,295,1
1194,20230715,10,11,4,4,63,73766.95,234,0
1195,20231021,1,7,2,5,16.2,295441.78,328,1
1196,20220103,2,11,1,2,,945047.51,422,1
1197,20230216,7,10,9,3,27,1221482.51,183,1
1198,20220321,8,7,3,3,16.8,1529708.77,176,1
1199,20230518,9,11,2,1,66.1,746176.15,153,1
1200,20240415,1,12,9,1,3.8,1706020.67,95,1
1201,20230329,7,1,2,3,27.2,1575454.35,496,1
1202,20220821,2,12,8,4,14.5,-,167,1
1203,20221006,1,1,5,5,0.6,843370.59,195,1
1204,20230109,2,4,10,1,7.6,1154544.84,414,1
1205,20220911,2,3,8,1,11.6,772713.74,202,1
1206,20220822,9,3,6,4,57.2,833819.19,357,1
1207,20220710,6,11,6,2,23.9,199377.33,355,0
1208,20240207,3,3,2,5,50.7,1568929.56,335,1
1209,20240404,3,9,2,1,22.3,903804.81,274,1
1210,20240913,4,9,5,2,36.3,1229319.48,204,1
1211,20230629,1,8,7,2,70.1,1190461.77,194,1
1212,20240315,9,3,7,2,59.7,924050.48,481,0
1213,20240518,5,1,2,4,16.8,933123.59,41,1
1214,20221022,8,4,7,3,70,334216.6,289,1
1215,20240411,9,10,5,2,50.7,576420.13,436,1
1216,20240617,2,7,2,4,8.2,1090533.29,486,1
1217,20240329,4,7,9,1,50.4,345574.19,449,1
1218,20220727,5,5,3,3,14.4,1256061.62,234,1
1219,20230714,2,7,6,5,13.4,532525.8,226,1
1220,20230621,3,1,3,3,50.1,1606816.51,186,1
1221,20230429,9,3,9,2,52.5,,496,1
1222,20240304,9,4,4,1,37.3,1947959.7,440,0
1223,20240821,6,6,1,4,72,1681393.49,297,1
1224,20220909,6,7,1,4,6.7,154537.64,93,1
1225,20241020,3,6,3,3,62.6,1334140.87,403,1
1226,20230201,8,3,1,1,22.4,1142919.37,220,1
1227,20221103,4,9,1,4,52,1666231.39,166,1
1228,20240806,4,9,3,2,27.8,315535.2,268,1
1229,20221227,9,7,8,5,22.6,1530198.02,215,1
1230,20231124,5,2,7,2,16.2,1947741.88,340,1
1231,20240624,7,11,1,4,30.4,1020009.11,356,1
1232,20221225,8,3,1,4,23.1,455306.92,343,0
1233,20240909,4,9,1,4,55.1,663276.9,333,1
1234,20240321,8,12,9,4,33.4,1460047.01,97,1
1235,20240805,1,3,7,10,60.9,1969411.14,270,1
1236,20220313,3,9,4,2,68.7,156950.63,438,1
1237,20241102,99,3,1,3,30.6,1507196.04,274,1
1238,20221210,8,12,3,3,53.3,216615.67,228,1
1239,20230908,,11,1,3,44.5,1826192.48,497,1
1240,20240417,8,2,5,4,67,560136.14,364,1
1241,20231114,3,7,1,1,17.1,408517.29,289,1
1242,20231114,7,8,5,5,54,343213.34,432,1
1243,20230207,2,6,1,1,30.6,743790.91,328,1
1244,20230501,,5,8,5,44.1,750082.74,236,1
1245,20230311,4,5,7,2,63.8,1388179.98,143,0
1246,20240919,2,12,4,4,68.2,320757.81,349,1
1247,20241119,9,9,1,1,52.6,455259.5,268,1
1248,20221128,1,8,1,1,69.7,214291.63,407,1
1249,20230108,1,2,9,1,38.1,89343.01,157,1
1250,20240413,1,12,6,2,5.4,1456753.12,118,1
1251,20231123,8,5,7,3,53.9,1349252.84,68,1
1252,20231228,8,11,1,3,54.7,536211.61,173,1
1253,20220309,,8,5,5,64.6,1362134.15,15,1
1254,20231206,3,7,4,4,33.9,1567260.88,480,1
1255,20230608,5,4,3,3,39.4,951990.57,247,1
1256,20221126,1,3,5,4,26.6,868622.25,266,1
1257,20220626,7,6,9,3,45.8,809091.93,233,1
1258,20220729,10,3,6,2,52.5,1943024.77,113,1
1259,20221117,8,4,9,4,28.7,393402.41,147,1
1260,20230314,7,5,7,2,24.4,252614.06,432,1
1261,20220709,9,1,7,3,71.8,1109627.65,253,1
1262,20240103,8,11,9,4,59.4,1903588.92,120,1
1263,20220417,4,12,1,1,53.4,1912820.82,216,1
1264,20220116,6,7,3,3,17.8,1833297.89,329,1
1265,20240513,5,2,5,3,66.9,347771.02,66,1
1266,20220423,1,11,9,3,4.7,1114581.34,361,0
1267,20220227,10,5,9,4,41.7,435398.04,157,1
1268,20241202,1,10,3,3,34,224739.73,247,1
1269,20221201,10,7,10,1,37.4,957011.12,497,1
1270,20241015,7,9,6,1,62.4,769694.04,400,1
1271,20220814,9,9,8,4,26.4,181427.42,489,1
1272,20231209,6,12,2,2,61.9,1179953.47,83,1
1273,20240920,10,10,3,4,2.3,1478153.03,207,1
1274,20220810,9,7,4,2,19.3,776265.11,78,1
1275,20230222,10,12,3,3,55.5,186368.17,150,1
1276,20220509,8,6,3,4,52.5,1927820.77,337,1
1277,20240208,8,2,9,0,11.2,216577.63,235,1
1278,20230714,4,12,5,5,46.9,544850.62,191,1
1279,20220901,3,11,3,3,67.4,1274941.87,130,1
1280,20241123,1,7,1,2,48,889177.35,365,1
1281,20241211,2,9,10,4,68.2,1454826.3,189,1
1282,20220925,3,7,5,2,22.1,147178.35,99,1
1283,20220307,2,6,7,3,0,1696252.17,455,1
1284,20231201,10,9,3,3,65.5,854225.61,407,1
1285,20241222,10,5,7,3,58.4,231193.82,179,0
1286,20240314,1,3,3,-1,41.1,932846.11,420,1
1287,20220707,10,3,1,1,14.9,640117.03,426,1
1288,20230327,9,4,9,5,30.4,1355407.01,72,1
1289,20230130,4,7,9,4,7.4,802861.09,448,1
1290,20231024,6,2,1,1,56.6,1564630.99,438,1
1291,,10,8,10,2,43.1,525047.34,469,1
1292,20221029,1,6,6,5,54.6,406469.54,490,1
1293,20230410,7,7,3,3,30.7,606196.81,153,1
1294,20240927,2,6,1,5,51.5,778456.48,430,1
1295,20230801,8,10,2,1,5.9,83702.02,297,1
1296,20230412,2,7,9,5,38.6,1522406.02,177,1
1297,20230201,8,6,3,3,41.8,596334.38,163,1
1298,,10,3,3,4,34.7,314317.32,299,1
1299,20231220,5,4,1,4,7.1,249459.12,425,0
1300,20230905,5,10,3,3,69.5,210204.69,125,1
1301,20240401,8,7,7,4,61.3,308145.2,262,1
1302,20230303,8,9,6,5,58.4,842074.93,48,1
1303,20220715,6,6,1,1,10.7,516014.83,33,1
1304,20221016,5,8,6,2,60.5,926216.34,170,1
1305,20240617,10,7,3,3,45.3,1699047.28,392,1
1306,20220930,9,12,1,5,60.9,318318.94,301,1
1307,20231220,1,9,1,1,10.3,701250.18,293,1
1308,20221015,4,8,3,1,61.6,1368676.55,463,1
1309,20221017,2,4,1,5,54.4,1130293.4,324,1
1310,20220718,2,11,5,2,16.2,1828729.34,39,1
1311,20230721,7,4,8,3,28.8,372711.87,179,1
1312,20230405,1,1,1,3,25.7,256865.49,446,1
1313,20240309,9,10,1,4,29.4,1904677.75,97,1
1314,20221108,9,1,9,4,49,1105541.06,460,1
1315,20221107,9,1,9,1,24.8,1157522.82,438,1
1316,20220313,3,1,1,4,54.6,228077.17,82,1
1317,20230127,8,2,5,1,6.7,1040415.87,75,1
1318,20230805,1,2,1,1,16,1839722.51,411,1
1319,20230525,10,4,8,4,24.3,445511.9,256,0
1320,20240717,5,3,1,1,46.7,1996902.28,156,1
1321,20240211,2,4,9,2,64.3,1921434.42,214,0
1322,20240103,5,4,8,1,8.6,1571002.48,67,1
1323,20230823,1,7,5,4,31.8,483209.8,383,1
1324,20221109,8,5,9,3,24.2,868175.1,489,1
1325,20240812,-1,2,2,3,22.9,1450258.12,253,1
1326,20240415,2,7,5,4,33.9,1634406.98,411,0
1327,20240309,8,7,5,1,57.1,307258.3,183,1
1328,20221015,4,1,7,5,4.4,835045.08,332,0
1329,20240525,8,7,1,2,48.6,1445944.1,86,1
1330,20240926,6,10,9,1,4.2,797086.24,16,1
1331,20230710,7,12,6,2,3.8,1072526.33,368,1
1332,20221016,8,3,9,1,25.1,838769.85,50,1
1333,20220930,4,12,7,2,65.7,349279.26,90,0
1334,20230413,5,3,9,4,57.8,1567839.34,393,1
1335,20220401,3,8,8,2,61.4,143582,41,1
1336,20231228,4,11,5,4,21.9,866538.73,451,0
1337,20231107,2,10,10,4,62.4,698474.25,157,1
1338,20240521,2,2,3,1,9.3,71470.37,96,1
1339,20241103,7,11,9,1,35,1939306.34,151,0
1340,20231227,4,9,10,3,3.5,25899.73,132,0
1341,20221120,6,11,3,4,65.2,1094616.82,468,1
1342,20230610,5,10,3,5,71.1,1325531.44,119,1
1343,20240627,10,8,3,1,47.1,630856.03,119,0
1344,20231009,9,12,3,3,14,48933.69,271,1
1345,20221213,4,8,9,4,34.9,608001.54,412,0
1346,20240122,4,8,5,3,6.1,1009668.23,167,1
1347,20220330,1,7,6,1,24.6,1248433.76,495,1
1348,20221004,9,12,3,1,59.5,1828384.74,216,1
1349,20240712,9,6,3,4,67,1113311.7,242,1
1350,20220726,5,8,2,4,34.5,394004.95,209,1
1351,20230923,1,11,1,1,34,N/A,137,1
1352,20241118,6,5,7,5,45.7,596472.77,118,0
1353,20240921,9,11,1,4,1.9,974165.24,48,0
1354,20230424,5,9,1,5,53.5,744454.16,459,1
1355,20220301,9,7,8,1,57.7,1156751.74,441,1
1356,20220610,3,10,1,5,55.7,150049.46,177,1
1357,20230212,10,1,1,2,67.7,313267.58,18,1
1358,20230428,6,7,1,3,14.7,789786.18,83,1
1359,20241210,3,12,7,5,29,891929.3,99,1
1360,20240208,9,2,5,3,38.1,182985.39,146,1
1361,20240727,4,9,9,5,12.9,1195123.11,495,1
1362,20220322,99,10,8,2,45.9,1220944.96,425,1
1363,20240416,7,10,6,3,59.8,1066606.01,125,1
1364,20221004,6,6,6,3,43.7,1769972.6,69,1
1365,20240705,3,10,1,2,63.3,1881959.42,311,1
1366,20240422,5,4,3,4,56.3,1155324.2,340,1
1367,20240414,5,4,9,3,61,1526144.8,485,1
1368,20230516,6,5,1,5,53.2,1124950.35,427,0
1369,20230321,6,3,2,3,11.7,144085.5,74,1
1370,20220427,4,2,6,6,24.8,231963.1,22,1
1371,20240104,3,12,4,5,1.8,130307.59,61,1
1372,20241125,5,10,1,5,64,406806.01,381,1
1373,20220823,7,2,5,3,42.1,1697662.23,357,0
1374,20230121,1,5,2,4,20.2,867529.95,145,1
1375,20230201,5,12,5,3,15.3,1720263.46,426,1
1376,20240507,8,9,3,5,29.6,562165.42,44,1
1377,20230115,8,6,2,1,33,31095.38,26,1
1378,20240204,10,12,3,4,23.4,678383.01,414,1
1379,20231216,10,10,5,3,48.3,1109062.91,95,0
1380,20230223,9,3,5,1,9.4,1327766.68,281,1
1381,20241229,8,9,1,3,14.4,1964538.92,135,1
1382,20230413,7,8,2,3,35,626664.95,272,1
1383,20231120,4,3,3,1,34.1,1460291.59,484,1
1384,20230225,10,12,5,2,50.2,-500,478,0
1385,20240226,1,5,3,4,9.7,1726439.85,11,1
1386,20230130,10,10,5,1,24.8,986261.85,266,1
1387,20220504,1,12,9,1,15.4,660643.49,400,1
1388,20240418,3,10,1,4,12,413195.11,176,1
1389,20231214,2,10,1,2,62.2,637454.87,213,1
1390,20220805,5,3,2,1,17.1,166928.74,308,0
1391,20240327,5,4,1,2,48.9,1468105.91,269,1
1392,20220509,9,12,1,4,47.6,407180.9,416,0
1393,20230417,3,3,1,1,53.8,964762.56,59,1
1394,20240630,3,11,4,3,65.1,329786.21,182,1
1395,20230914,4,12,3,2,37.5,,356,1
1396,20231018,4,11,2,5,50,1479220.47,433,1
1397,20230103,9,4,1,4,57.8,1063446.48,46,1
1398,20231101,1,11,3,2,16.3,1847835.76,419,1
1399,20230719,10,5,2,4,29,1603436.2,499,1
1400,20240612,6,8,2,5,7.9,1815173.05,312,0
1401,20220516,10,11,7,1,7.6,1641247.89,161,1
1402,20221226,2,3,6,5,37.9,1750740.72,487,1
1403,20241106,6,1,3,1,9,758059.16,104,1
1404,20230426,2,11,1,1,38.1,1225099.1,318,1
1405,20220820,1,10,10,4,29.3,29490.71,256,0
1406,20220527,4,2,9,5,35.7,1544113.43,277,0
1407,20240102,3,6,6,4,5.2,146596.59,386,1
1408,20220304,5,6,10,4,0,1560900.76,58,1
1409,20220823,6,2,1,2,50.8,1211202.95,138,1
1410,20240124,1,9,1,3,38.9,1979576.16,405,1
1411,20221124,8,8,9,1,20.3,542219.2,177,1
1412,20240515,3,1,9,5,6.5,75085.89,356,1
1413,20220111,4,7,5,1,10.4,1558283.67,217,1
1414,20240820,10,12,7,5,41.4,1869243.36,430,1
1415,20240703,8,10,2,2,32.9,-,257,1
1416,20220410,3,9,1,1,56.9,113502.73,240,1
1417,20220815,8,1,3,5,9.1,795103,24,1
1418,20240410,5,1,2,5,48,173053.73,372,1
1419,20230728,7,3,1,3,2.2,374005.46,50,0
1420,20230426,7,3,9,3,0.7,1574164.84,6,0
1421,20240608,1,7,1,3,69.3,174968.26,45,1
1422,20220123,3,9,1,4,56.1,1135947.18,27,1
1423,20240724,7,7,1,2,29.6,1422719.1,309,1
1424,20240517,5,6,6,1,28.6,1382238.93,414,1
1425,20221109,5,12,1,1,36.2,203299.55,25,1
1426,20230924,5,3,7,4,49.6,42702,106,1
1427,20220703,1,11,3,3,13,1462966.24,243,1
1428,20231211,1,7,3,2,40.4,1300462.23,139,1
1429,20240704,1,2,3,5,36.1,702405.25,410,1
1430,20240622,4,4,3,4,68.2,237381.95,119,0
1431,20230906,4,11,7,2,15.7,587762.92,398,0
1432,20240904,5,1,8,4,N/A,1910321.21,12,0
1433,20230724,2,2,9,2,14.8,469909.05,462,1
1434,20220813,8,12,3,3,43.4,1303287.67,296,1
1435,20230519,8,2,10,4,60.9,292327.46,32,1
1436,20221003,10,2,6,5,7.9,1355959.69,93,1
1437,20230511,10,2,3,2,54.2,282647.42,483,0
1438,20220311,9,6,10,3,20.7,-,429,1
1439,20230529,7,7,1,5,17.4,1887118.39,38,1
1440,20230304,1,7,6,5,23.1,1134370.51,375,1
1441,20220222,8,11,3,1,35.6,649110.14,126,1
1442,20241005,10,7,9,2,50.3,1219413.72,347,1
1443,20241102,3,8,3,2,42.5,644921.44,463,1
1444,20240613,1,6,10,3,26.9,829508.9,39,1
1445,20240825,1,10,6,4,68.5,1717421.32,120,0
1446,20221003,4,3,6,1,44.7,1743757.26,336,1
1447,20241006,2,9,1,2,0,1564220.82,50,0
1448,20220717,10,6,9,5,61.3,993737.55,56,1
1449,20221114,3,4,5,4,41.5,707463.09,295,1
1450,20230305,2,6,10,2,22.2,910883.82,257,1
1451,20221218,6,8,6,1,64.5,845644.9,374,0
1452,20220928,9,7,1,5,44.8,829146.67,102,1
1453,20240618,9,12,9,3,38.6,1977856.29,144,1
1454,20220109,10,10,1,5,25.5,1799651.91,390,1
1455,20230126,8,12,5,3,19.4,1568138.08,197,0
1456,20221030,6,9,8,5,50.9,1969136.18,265,1
1457,20240505,1,1,1,5,16.7,849364.53,453,1
1458,20221229,4,8,4,5,68.4,308329.71,159,1
1459,20240707,1,4,1,3,67.6,126787.49,260,1
1460,20240510,1,5,5,4,59.9,1514747.7,347,1
1461,20230330,3,10,6,3,33.9,,242,1
1462,20220807,10,2,4,2,58.7,1787098.43,213,1
1463,20221015,5,10,9,5,41,1213760.35,411,1
1464,20240926,9,2,6,2,63.5,254941.42,355,1
1465,20240712,5,7,6,5,55.7,833839.05,90,1
1466,20240823,7,2,5,2,30.3,1304041.43,27,1
1467,20220122,6,8,1,4,22.7,854798.21,193,0
1468,20240812,7,2,2,1,5.9,1315767.13,203,1
1469,20230110,4,8,10,1,18.2,353110.64,376,1
1470,20220823,5,1,7,2,16.2,964538.67,108,0
1471,20220809,5,5,10,2,3.7,66341.77,439,1
1472,20230923,1,12,2,2,19.2,601817.06,316,1
1473,20220822,3,4,10,4,9.5,872749.15,381,1
1474,20240324,9,7,3,2,48.9,1858048.52,217,1
1475,20240411,9,4,8,4,28.2,1058941.89,465,1
1476,20241202,7,9,1,3,44,501922.75,467,1
1477,20230623,4,11,9,2,33.2,140645.51,26,1
1478,20230219,10,5,3,4,64.2,1638590.83,303,1
1479,20220809,3,1,5,4,12.2,994831.32,422,1
1480,20220811,5,1,5,1,8.6,1360018.54,164,1
1481,20230122,1,12,9,5,70.2,1308747.4,490,1
1482,20240801,6,11,2,3,15.5,208816.93,402,1
1483,20240316,6,3,9,3,6.7,1521901.86,183,1
1484,,10,9,2,2,60.5,172026.62,21,1
1485,20240117,7,5,7,4,38.5,918953.58,204,0
1486,20220218,4,9,3,4,55.8,465778.1,365,0
1487,20230224,8,9,9,4,58.3,915599.83,306,1
1488,20230601,1,8,3,2,1.6,1936074.98,274,1
1489,20240401,10,5,1,1,59.3,730259.14,151,1
1490,20241112,9,2,3,1,34.6,341266.51,392,1
1491,20230404,4,11,3,1,36.5,809997.66,337,1
1492,20240607,4,3,2,4,39.3,611734.58,162,1
1493,20230418,9,1,1,3,30.4,1235131.46,478,1
1494,20220806,7,3,10,1,33.9,1384454.84,155,1
1495,20230227,4,6,6,5,59.7,366467.97,303,1
1496,20240625,3,7,3,1,24,1726566.45,413,1
1497,20240424,9,1,8,1,6.8,1654477.46,91,1
1498,20230717,9,10,5,3,9.9,160263.63,18,1
1499,20220522,,3,3,2,21,1506712.45,315,1
1500,20231117,7,11,9,3,48.3,1703968.41,444,1
1501,20221219,6,4,3,1,71.1,143668.67,485,1
1502,20220228,1,4,7,3,33.5,430330.7,200,1
1503,20230828,5,12,1,1,50.3,1567009.25,430,1
1504,20230213,8,4,5,3,64.7,324290.17,407,1
1505,20220924,1,10,1,5,29.6,218659.12,461,1
1506,20230121,1,7,9,4,29,266546.79,215,1
1507,,10,4,6,4,29.6,747925.8,430,1
1508,20221225,10,7,9,5,21.7,830738.18,252,1
1509,20240310,6,3,5,2,48.4,1598850.33,63,1
1510,20241208,9,7,2,3,50.9,1910770.21,261,1
1511,20231014,2,9,1,2,20,476002.02,35,1
1512,20231201,6,3,6,3,18.5,1353947.96,104,1
1513,20241220,10,10,3,3,14.9,1179189.87,371,1
1514,20241013,3,4,3,1,45.6,357358.5,133,1
1515,20220905,-1,4,3,3,68,1790105.42,437,1
1516,20240403,6,3,10,1,7.9,1301727,310,1
1517,20221114,9,6,2,4,12.3,1993769.77,475,1
1518,20220415,4,3,7,5,27.4,1872514.73,301,0
1519,20230410,8,6,5,1,2.8,1832898.4,416,1
1520,,3,10,8,5,53.7,478682.78,27,1
1521,20241230,4,10,3,2,50.7,694943.61,262,1
1522,20230424,5,8,9,2,38.8,319857.41,75,1
1523,20240923,4,5,6,2,5.2,389434.74,481,1
1524,20230729,10,9,5,1,4.4,1284860.59,448,1
1525,20240218,3,1,7,2,39.6,1361919.72,167,1
1526,20241031,10,8,10,3,5.7,705713.95,70,1
1527,20241114,1,11,3,1,69,351402.96,303,1
1528,20241005,8,5,10,4,6.4,1918225.64,418,1
1529,20220228,8,2,5,4,35.3,1953164.97,232,1
1530,20220418,5,8,5,1,7.7,1607147.79,73,1
1531,20220418,4,5,6,5,63.4,516815.85,33,1
1532,20240930,10,1,7,5,34.5,92171.92,470,0
1533,20231031,2,12,1,5,6.4,284924.45,410,1
1534,20220223,10,3,5,5,39.4,1428956.51,466,0
1535,20221105,1,1,1,3,46.6,N/A,131,1
1536,20241208,6,3,1,4,1.1,1700350.97,153,1
1537,20230723,4,11,7,2,13.7,967712.43,77,1
1538,20240615,8,12,9,1,61.7,307250.73,385,1
1539,20241221,8,6,3,2,63.3,1836855.34,77,0
1540,20240601,5,1,2,5,2.9,1002078.05,401,1
1541,20220801,8,6,6,2,45.3,1550487.76,468,1
1542,20241103,8,1,2,5,16,1139741.88,376,1
1543,20230616,5,3,6,4,65.9,1716825.38,342,0
1544,20240401,9,10,3,4,57.8,1831671.58,370,1
1545,20240113,10,11,9,1,23.9,947988.35,405,1
1546,20221030,6,11,5,1,27.3,357282.83,218,1
1547,20221008,3,1,3,3,7.5,1431222.27,268,1
1548,20220424,7,11,6,1,1.8,1140276.06,464,1
1549,20230407,10,8,6,4,43.5,1116885.91,197,1
1550,20240418,10,4,6,4,9.1,1829131.69,255,1
1551,20220524,1,12,5,1,8.7,668649.68,120,0
1552,20220409,8,12,8,4,56.2,1599132.64,375,0
1553,20230112,7,11,5,2,45.7,603197.24,38,1
1554,20240713,8,6,9,1,20.1,613092.24,324,1
1555,20220410,5,4,9,10,59.4,1702093,290,1
1556,20240917,8,6,1,1,37.9,771688.9,460,1
1557,20241221,10,11,9,5,52.5,702527.17,267,1
1558,20220812,0,5,5,5,51.1,1935703.7,56,1
1559,20230112,5,9,6,1,50.2,407270.6,219,1
1560,20230311,9,12,1,3,69,,50,1
1561,20230808,6,11,8,4,67.4,972258.72,366,1
1562,20240129,3,9,8,2,27.5,1558567.8,375,1
1563,20221019,10,7,2,3,13.9,1267988.1,406,1
1564,20230830,7,8,2,3,52.1,1059926.97,467,1
1565,20240217,2,10,2,4,48.7,1719869,493,0
1566,20240626,5,8,3,3,35.1,1271801.83,317,0
1567,20230919,7,6,2,5,51.3,336520.17,435,1
1568,20231006,7,6,3,1,27.5,239023.47,397,1
1569,20240508,2,1,9,4,13.3,66241.96,476,1
1570,20230208,4,3,8,4,25,292061.14,403,1
1571,20230203,2,9,1,5,68.5,1307366.86,146,1
1572,,4,2,5,1,71.2,911770.31,193,1
1573,20240604,9,10,3,2,45.6,140574.97,318,1
1574,20231116,7,10,6,2,70.6,371584.04,422,1
1575,20240331,1,4,3,1,50.2,611548.26,470,1
1576,20220920,10,7,9,1,57.4,1215773.92,327,1
1577,20221004,8,7,2,3,31.9,374207.13,360,1
1578,20241115,4,3,7,5,22.8,640891.19,409,1
1579,20221005,2,5,9,3,54.5,596569.78,104,1
1580,20230213,9,6,1,2,15.2,1744318.87,292,1
1581,20230210,10,3,3,4,46,806508.87,153,1
1582,20230816,7,11,1,1,46.3,1753968.61,257,0
1583,20220914,2,11,9,3,26.9,1640661.98,366,1
1584,20220413,4,12,10,3,16.1,309436.52,62,1
1585,20230115,6,11,9,2,58.7,1441691.53,128,0
1586,20240123,7,11,5,2,40.1,1730228.8,456,1
1587,20231229,4,9,1,2,34.2,1393044.52,355,0
1588,20240327,8,7,1,4,30.6,181706.57,33,0
1589,20220701,1,1,1,2,9.2,1363165.22,332,0
1590,20221029,2,3,9,2,36.6,1793086.43,79,1
1591,20231108,1,1,1,2,57,1131014.05,196,0
1592,20220527,4,2,9,2,66.8,1192056.94,309,1
1593,20220204,3,2,7,1,63.4,216853,470,1
1594,20240720,10,10,8,1,15.9,642185.09,159,1
1595,20240920,3,9,1,5,64.5,1151403.09,399,1
1596,20230113,7,10,3,1,5.2,482710.61,484,0
1597,20220425,4,6,1,5,39,149926.31,381,1
1598,20231002,,7,6,3,53.5,293641.57,65,0
1599,20220223,1,12,8,1,34.5,1724260.52,38,1
1600,20241009,5,12,1,2,25.2,676839.29,237,1
1601,20231227,7,5,3,2,10.4,1823601.74,368,1
1602,20230817,2,6,2,2,51.5,776605.68,140,1
1603,20230904,9,3,9,3,31.2,1900138.36,274,1
1604,20240819,6,8,5,4,24.7,1102974.41,33,1
1605,20230708,5,4,3,1,30.5,299148.67,11,1
1606,20220817,5,7,6,5,64.6,453050.45,237,1
1607,20240507,7,1,7,3,31.2,1715634.76,44,0
1608,20230814,5,4,10,1,71.6,492252.34,111,1
1609,20230514,3,9,9,3,27.1,1525026.83,6,1
1610,20220630,5,2,10,5,0,219422.6,185,1
1611,20230604,5,9,3,5,43.5,1613488.72,283,1
1612,20230214,8,2,1,4,47.5,897485.25,271,1
1613,20221201,1,2,1,3,56.5,1185804.59,108,0
1614,20230620,4,5,7,2,21.1,-500,176,1
1615,20240619,2,12,1,2,29,910390.23,118,1
1616,20221118,8,1,6,4,59.1,1984360.18,121,1
1617,,1,9,5,2,25.3,1073978.59,154,0
1618,20220207,8,5,6,3,38.1,306457.72,385,0
1619,20220127,3,4,2,1,10.9,1383809.48,180,1
1620,20230326,3,3,9,5,50.1,1476860.2,413,0
1621,20240919,10,10,8,3,32.5,1378435.58,220,1
1622,20240207,2,4,7,2,25.5,964664.63,231,1
1623,20231129,3,2,1,2,35.3,290670.61,114,1
1624,20240924,3,8,7,4,56.4,1971231.08,226,1
1625,20220919,4,8,10,2,43.6,490501.44,427,1
1626,20240710,1,8,1,1,65.4,713199.78,125,1
1627,20240628,10,3,1,4,16.8,875286.73,25,1
1628,20230106,5,6,5,3,46.3,1371079.09,351,0
1629,20240909,3,6,8,1,31.1,632088.88,222,1
1630,20240523,5,1,5,5,59.2,1291430.5,267,0
1631,20230614,6,1,6,2,10,847438.92,272,0
1632,20241119,6,10,9,3,59.1,202853.77,145,1
1633,20240104,6,4,5,5,9.1,1082510.07,292,1
1634,20241125,9,8,3,1,66.7,1330941.83,98,1
1635,20220411,4,7,1,5,48.1,1893929.14,438,1
1636,20240502,2,1,3,1,41.6,672590.84,291,1
1637,20220718,1,11,7,5,24,584919.77,45,1
1638,20230320,4,5,1,3,59.8,1559509.25,47,1
1639,20221011,0,8,5,1,52.4,959999.84,338,1
1640,20230628,4,11,5,3,21.8,1158635.83,121,1
1641,20241115,2,12,1,1,5.1,1691658.48,308,1
1642,20230905,5,9,5,1,52.2,1048179.42,395,1
1643,20230619,5,1,4,1,21.8,519249.6,315,1
1644,20230422,2,12,1,5,18.8,496985.04,271,1
1645,20230302,8,2,3,1,2.1,577001.51,380,1
1646,20240309,9,1,3,4,34.8,542976.38,50,1
1647,20241018,3,6,1,4,50.5,1537854.54,99,1
1648,20220531,9,9,2,1,15.1,215435.98,133,1
1649,20240203,10,11,6,1,66.5,865867.86,307,1
1650,20230304,5,12,6,4,8.3,1036947.98,277,1
1651,20230903,1,6,2,1,10.7,303244.45,236,1
1652,20230417,9,9,1,1,32.5,1970084.57,377,1
1653,20231118,6,9,6,2,45.3,878223.73,431,1
1654,20221208,9,11,6,3,69,1621862.3,59,1
1655,20240902,10,6,10,2,23.1,788461.69,374,1
1656,20230606,10,7,1,3,30.5,1759649.7,485,1
1657,20220924,5,6,3,5,5.3,841489.89,486,1
1658,20241019,2,9,5,1,56.4,1817893.49,121,1
1659,20231102,6,1,7,2,37.5,583550.07,342,1
1660,20221005,4,5,6,-1,63.3,434691.25,276,1
1661,20220628,5,2,6,2,16.5,1426352.15,287,1
1662,20220703,2,2,9,4,60.3,1321724.62,223,1
1663,20240809,9,3,9,2,17.4,520907.46,443,1
1664,20231118,10,10,3,3,44.3,942016.73,326,1
1665,20240805,7,7,6,5,25.7,267394.14,68,1
1666,20240723,7,2,5,5,27.3,877131.44,430,1
1667,20240202,10,7,6,1,6.9,287131.01,18,1
1668,20220426,8,9,5,2,26.1,639294.31,438,1
1669,20220127,10,8,5,3,27,1902339.61,396,1
1670,20220125,6,8,6,1,26.3,38553.08,14,0
1671,20241019,3,4,1,2,8.2,1212317.21,422,1
1672,20240911,1,11,9,3,,845405.32,230,1
1673,20230620,5,7,2,5,31.1,1255195.19,190,1
1674,20240918,8,1,9,1,47.3,641389.1,337,1
1675,20240325,6,1,7,1,27.7,958091.58,57,1
1676,20240521,9,5,9,3,28,706575.82,214,0
1677,20220325,8,2,1,1,29.3,1520442.65,45,1
1678,20230419,7,11,1,1,54.7,1298697.64,226,1
1679,20221018,9,9,9,2,25.6,855791.3,486,0
1680,20230417,2,1,1,2,68.7,709509.78,400,1
1681,20230131,3,1,3,3,66.8,-,53,1
1682,20230208,6,10,9,5,71.7,334445.73,252,1
1683,20221002,5,12,6,6,51.2,1496790.9,233,0
1684,20240513,9,4,8,4,64.2,122113.53,75,0
1685,20231230,5,1,3,5,53.5,1169062.13,189,1
1686,20241014,7,7,5,5,4.5,1518540.65,82,1
1687,20221020,9,10,9,4,49.2,1724603.58,271,1
1688,20240705,8,2,3,3,35.8,828277.35,373,1
1689,20240211,4,4,2,3,15.1,1175754.16,454,0
1690,20220224,3,12,6,5,3,921875.2,449,1
1691,20221006,5,3,2,4,0.7,1893548.5,143,1
1692,20221016,9,11,3,4,61.5,1346415.56,349,1
1693,20220430,3,11,10,1,59.2,379323.06,138,1
1694,20230707,6,11,8,4,0,4449.77,457,0
1695,20240212,10,5,1,5,48.5,454101.99,458,1
1696,20220621,8,6,5,1,-2,381861.08,427,0
1697,20240913,8,10,4,4,41.1,951839.86,274,1
1698,20241112,2,7,1,2,5.2,1496881.56,241,1
1699,20230930,,6,7,1,67.5,1417898.4,242,1
1700,20241220,9,11,1,1,70,352605.41,280,1
1701,20240822,3,9,7,2,14.1,1141550.96,340,1
1702,20230729,5,4,6,3,42.6,528289.66,60,1
1703,20221005,5,7,3,2,68.8,402763.29,421,1
1704,20241203,10,3,5,2,66.9,1992190.75,23,1
1705,20230728,6,1,8,1,12.4,1467410.92,50,1
1706,20240925,1,11,2,3,61.6,N/A,287,1
1707,20230907,9,2,6,3,42.8,1554555.67,17,1
1708,20240530,10,1,2,3,16,103793.41,160,1
1709,20221204,3,2,1,4,52.9,1506556.68,8,1
1710,20230430,8,3,2,3,19,1628999.97,55,1
1711,20240504,5,3,3,3,57.7,1420890.41,455,1
1712,20231015,2,11,6,3,47.6,297249.16,109,1
1713,20231109,5,1,2,5,2.1,1371177.13,391,1
1714,20230916,6,1,10,2,56.7,1847593.58,293,1
1715,20230624,5,8,2,4,52.3,1807911.39,462,1
1716,20230423,10,11,9,1,6.2,997565.88,340,1
1717,20230519,7,4,6,5,39.2,805005.26,463,1
1718,20220329,,2,7,2,41.6,1284639.96,279,0
1719,20220503,10,7,1,2,9.7,1946588.62,386,1
1720,20240503,3,1,7,3,38,1486682.5,35,1
1721,,9,11,3,3,71,844187.15,232,1
1722,20220608,6,6,3,1,11.8,1235237.23,101,1
1723,20220715,7,8,5,3,63.5,667926.1,289,1
1724,20220308,2,6,8,3,70.1,629755.8,286,1
1725,20220624,5,5,3,3,66.2,1017315.28,485,1
1726,20230615,1,11,9,3,46,1464290.39,23,1
1727,,1,4,10,4,65.2,16989.46,15,1
1728,20220926,9,12,7,4,43.9,-500,407,1
1729,20230113,5,12,9,4,64.5,777999.6,9,0
1730,20220902,0,7,8,5,44,602470.5,391,0
1731,20221203,9,10,5,4,7.2,136266.21,437,1
1732,20230210,9,7,2,5,28.5,887630.24,454,1
1733,20241222,9,1,9,4,22.3,1397251.42,404,1
1734,20220218,2,8,1,4,8.7,642000.79,486,1
1735,20231230,,2,2,4,10.9,1234699.54,204,1
1736,20220118,4,1,1,3,2.6,348852.26,275,1
1737,20230322,9,11,10,3,1.3,1130863.32,387,0
1738,20220221,3,2,8,1,27.4,1272166.79,268,1
1739,20240613,8,2,9,6,9.9,1896293.35,296,1
1740,20240202,9,11,1,3,16,1930682.58,445,0
1741,20220418,6,4,10,5,63.5,148426.21,303,1
1742,20220227,4,10,4,3,13.9,1128836.92,56,1
1743,20240218,7,2,4,1,13.3,786783.31,314,1
1744,20240620,9,11,3,3,42.3,1707168.63,328,1
1745,20230326,8,3,2,1,11.2,1091342.84,167,0
1746,20240718,-1,4,1,1,32.4,1993528.52,402,1
1747,20240520,6,12,2,4,4,1281088.73,217,1
1748,20240530,10,12,9,4,12.6,1451231.92,429,1
1749,20240222,6,7,6,2,33.5,1277608.91,169,1
1750,20221228,5,11,7,2,68.9,388147,221,1
1751,20220203,9,2,5,2,26.2,1138368.63,6,1
1752,,10,6,9,4,22,499336.62,125,1
1753,20240111,10,8,5,4,35.9,1682712.07,52,1
1754,20220522,5,2,9,2,8.4,1809720.1,462,0
1755,20220315,10,7,3,3,54.9,1948361.01,363,1
1756,20230409,5,5,3,5,46.6,1928851.52,249,0
1757,20230207,5,11,1,3,6.5,899247.46,411,1
1758,20240609,10,11,6,4,1.2,120548.13,166,1
1759,20240513,7,1,7,1,68.5,1078932.45,361,0
1760,20220825,8,11,7,4,62.6,1309396.08,187,1
1761,20230228,5,7,3,4,45.6,730725.24,459,1
1762,20230827,6,12,5,3,21.9,851801.05,389,1
1763,20230727,6,4,1,4,31.2,607259.78,181,1
1764,20220227,9,9,3,5,8.9,939066.24,334,1
1765,20220519,6,9,5,5,50.5,283051.74,173,1
1766,20230117,7,5,3,3,69.4,906277.24,499,1
1767,20220928,3,5,8,5,41,1074469.5,425,1
1768,20230831,5,11,1,5,41,446240.45,22,1
1769,20230212,8,3,3,3,47.8,177945.74,463,1
1770,20220925,8,8,5,2,47.6,1448881.8,252,1
1771,20230617,5,12,6,4,17,44832.61,484,1
1772,20230318,3,12,5,5,4.7,1022033.48,59,1
1773,20230809,4,12,7,2,53.6,544954.01,67,1
1774,20221230,2,1,9,4,31.8,1156170.95,296,1
1775,20230322,9,11,4,1,16.1,488080.28,414,1
1776,20231226,7,2,6,4,54.5,538437.55,346,1
1777,20240723,10,10,6,4,0.9,489357.12,309,1
1778,20230526,2,5,6,5,16.1,1136097.55,489,1
1779,20230628,3,6,1,6,11.3,1153570.64,237,0
1780,20240513,6,6,7,4,45.3,1091920.28,253,1
1781,20240819,5,3,10,1,57.3,159347,407,1
1782,20220318,9,8,1,4,18.6,868879.7,446,1
1783,20241105,2,8,2,2,70.9,378832.92,339,1
1784,20220727,4,2,3,3,8,1314260.99,71,1
1785,20230619,6,8,6,3,41.9,320316.06,329,1
1786,20231214,7,10,9,5,69.7,1113391.98,218,1
1787,20240607,8,11,9,1,27.4,612090.28,196,1
1788,20220513,6,8,10,1,37.7,696601.24,377,1
1789,20230422,5,4,9,5,61.9,912785.13,440,1
1790,20221116,6,2,7,1,20.6,1595491.06,265,1
1791,20231017,4,3,9,4,66.8,296717.68,152,1
1792,20220225,4,1,8,5,64,933481.17,113,1
1793,20230926,4,3,6,1,12.9,40759.14,84,1
1794,20220930,10,6,5,1,41.2,631648.54,161,1
1795,20230713,8,7,6,2,31.1,650340.86,352,1
1796,20240123,9,9,5,4,41.6,146266.74,420,1
1797,20220419,5,10,9,5,38,169589.47,460,1
1798,20220717,6,6,5,2,41.4,461334.51,456,1
1799,20231003,1,10,3,1,15,1477887.09,316,1
1800,20240503,7,5,3,2,67.8,470225.49,68,1
1801,20230108,1,1,2,99,42,205784.01,146,1
1802,20240418,1,4,1,3,2.6,3241.09,195,1
1803,20230104,10,11,10,5,63.3,767382.85,448,1
1804,20220107,10,1,3,5,23.5,1101840.3,359,1
1805,20230731,9,5,2,3,9.1,606681.42,481,1
1806,20230106,7,8,6,5,69.5,279796.89,284,1
1807,20230319,1,6,10,2,24.1,630718.74,124,1
1808,20240621,8,3,7,4,6.2,681166.33,410,0
1809,20240220,10,2,9,5,23.4,42898.44,348,1
1810,,-1,10,5,1,10.3,303475.38,473,1
1811,20221222,8,4,8,1,20.3,204518.22,310,1
1812,20240804,9,9,5,2,18,238905.67,496,1
1813,20240920,10,4,7,5,32.6,607440.96,52,1
1814,20240317,10,5,1,2,21.6,1469152.22,17,0
1815,20240611,7,12,6,1,43.1,1794508.09,44,1
1816,20220109,10,10,9,2,62.8,1009874.11,436,1
1817,20230503,4,1,6,2,44.8,53628.89,283,1
1818,20230529,5,1,9,4,19.9,821718.34,3,1
1819,,6,6,5,3,71.5,1831017.49,75,1
1820,20240823,,4,5,3,47.7,29150.79,401,1
1821,20231221,6,10,6,1,71.5,1267564.88,370,1
1822,20230920,9,12,10,2,6.3,618952.47,416,1
1823,20241202,2,2,3,3,66.8,1902832.96,89,1
1824,20241026,6,3,9,4,N/A,421813.19,384,1
1825,20220303,4,5,2,4,65.5,297771.49,290,1
1826,20231204,5,8,9,4,13.1,1716430.9,338,0
1827,20220123,10,6,1,1,28.8,1248891.41,42,1
1828,20221101,4,10,6,3,59.7,41375.34,84,0
1829,20240709,7,12,1,3,64.8,355544.31,179,1
1830,20230203,4,1,3,5,61.7,10794.67,0,1
1831,20230209,7,12,1,2,38.1,1697697.37,171,1
1832,20221222,9,9,7,2,17.9,1774884.42,233,1
1833,20220427,5,8,6,4,9.5,1330779.78,262,1
1834,20230524,5,7,1,4,20,226465.1,130,1
1835,20231004,7,10,6,3,37.4,1121783.91,283,1
1836,20241212,6,7,5,1,53,519245.04,20,1
1837,20220421,9,1,6,4,0.9,1023627.01,164,1
1838,20240320,4,2,5,1,1.6,977684.94,357,0
1839,20230730,9,1,4,3,10.7,1235444.08,429,1
1840,20221212,10,12,1,1,10.9,1523081.15,253,1
1841,20240904,5,8,2,1,44.4,760726.93,410,0
1842,20240309,4,10,6,3,58.1,1027435.35,345,1
1843,20221207,3,7,5,4,33.3,1346401.39,195,1
1844,20230520,5,3,1,5,51.5,1710155.64,261,0
1845,20230103,10,4,2,5,61.2,391682.56,248,1
1846,20230907,2,2,2,1,69.3,736521.99,146,1
1847,20240116,7,7,1,3,20.6,1969734.54,372,1
1848,20230717,7,11,9,2,63.1,254711.13,250,1
1849,20240602,4,8,9,4,-2,606553.11,411,1
1850,20230531,1,8,1,5,67.2,207288.81,182,1
1851,20230820,7,7,7,2,25.3,260248.77,397,1
1852,20240216,8,10,3,3,60.9,1575743.94,232,1
1853,20231219,8,6,9,1,24.6,1777359.21,348,0
1854,,10,7,9,2,25.2,1468392.48,136,1
1855,20240111,9,4,5,2,39.9,-500,322,0
1856,20220910,7,4,1,3,22,1979670.05,424,1
1857,20240208,1,2,7,2,52.2,1054388.01,347,1
1858,20221128,2,2,7,5,55.9,1648281.39,2,0
1859,20230825,9,6,5,3,9.4,1842514.1,384,1
1860,20221129,9,10,6,3,6.9,510710.11,105,1
1861,20220407,1,4,5,4,57.5,1141819.55,80,0
1862,20240907,6,3,1,5,27.2,882856.02,183,1
1863,20221102,7,3,7,2,70.6,1236684.44,39,1
1864,20240513,7,6,3,2,7.3,1210964.3,256,1
1865,20230420,1,6,6,4,11.3,97343.82,147,1
1866,20230302,7,11,5,1,41,1953889.42,120,1
1867,20240712,10,12,9,5,40.5,1091688.11,338,0
1868,20221225,5,6,1,3,69.7,1962148.37,244,1
1869,20220505,8,12,10,1,28.2,999326.9,419,1
1870,20230415,2,3,6,4,44.3,1271139.54,500,1
1871,20230617,2,12,1,3,59.9,455309.96,236,1
1872,20231010,1,7,7,3,8.1,967029.79,30,1
1873,20240303,8,10,9,4,30,1865063.96,163,1
1874,20220519,6,6,3,3,36.9,1231176.22,186,1
1875,20240302,2,11,5,-1,61.8,55095.55,265,1
1876,20241107,9,6,6,1,67.8,276586.24,203,1
1877,20230722,8,9,9,4,43.5,1403179.47,5,1
1878,20230615,9,11,9,4,29.9,563188.28,60,0
1879,20220605,4,11,1,3,20.2,129153.5,174,1
1880,20230228,10,6,1,1,68.2,1845481.55,237,0
1881,20230421,,8,3,4,17.8,17195.71,383,1
1882,20220219,1,4,7,3,25.5,1588224.35,62,1
1883,20220113,1,9,3,1,65.9,1377525.21,100,1
1884,,10,9,3,4,1.4,1854011.25,183,1
1885,20230321,3,11,9,2,46.1,1941847.07,358,1
1886,20230411,2,12,7,2,39.5,1370481.32,386,0
1887,20230313,8,7,5,3,33.6,416846.52,303,1
1888,20230906,7,3,1,5,62.4,740640.71,42,1
1889,20220810,9,2,4,1,63.9,1585990.06,299,1
1890,20230919,1,4,3,2,8,534382.4,216,1
1891,20240312,8,8,7,5,41.7,1894450.47,95,1
1892,20241210,10,12,9,3,56.7,1140223.86,497,1
1893,20230118,1,11,1,3,48,1561439.61,212,1
1894,20240511,5,4,10,1,70,1820435.15,272,1
1895,20240720,8,1,1,5,1.1,1922582.83,84,0
1896,20230530,3,6,1,3,30.5,933573.41,471,1
1897,20240829,1,5,2,5,21.8,1257267.1,127,1
1898,20221005,1,1,9,4,45.5,473451.22,169,1
1899,20220330,10,12,6,3,18.1,277396.21,467,0
1900,20220617,7,8,8,1,60.3,1234061.42,453,0
1901,20220425,3,6,7,3,5.9,781613.25,113,1
1902,20230705,3,7,1,2,55.9,753029.99,250,1
1903,20220610,7,11,3,2,10.6,542412.42,326,1
1904,20240324,9,5,6,3,38,790021.5,182,1
1905,20220119,5,11,9,1,22.1,1201177.87,340,1
1906,20220425,9,10,6,3,53.4,920524.59,495,1
1907,20230611,4,9,9,4,56,442679.16,20,1
1908,20240503,5,9,3,4,50,,250,1
1909,20220701,1,2,6,1,30.4,441195.43,441,0
1910,20240703,10,3,1,5,17.8,1603487.68,489,1
1911,20221221,5,6,2,3,41.3,232870.66,151,1
1912,20220606,9,2,3,1,34.6,1850351.65,27,0
1913,20241015,10,8,3,4,52.1,438931.26,165,1
1914,20241218,10,5,1,5,21.5,545652.13,450,1
1915,20220330,6,4,1,2,6.2,1003138.14,375,0
1916,20220310,6,7,5,5,28.8,687911.92,184,1
1917,20231229,6,2,4,2,26.2,1760031.13,303,1
1918,20220126,5,3,9,4,26,1065577.74,337,1
1919,20231003,9,3,3,2,67.3,109992.85,201,0
1920,20220221,5,10,2,4,57.9,1182812.12,340,1
1921,20240207,3,5,9,5,69.4,970853.1,50,1
1922,,10,5,6,1,36.6,1962744.27,328,1
1923,20230130,3,6,5,2,65.4,918435.47,4,0
1924,20231113,10,12,8,2,46.8,1270331.29,68,1
1925,20240920,10,2,5,2,64.2,-,149,1
1926,20241001,3,6,3,5,45.5,572664.25,108,1
1927,20221023,1,12,5,2,0.5,277803.02,35,1
1928,20230424,8,12,8,3,2.2,496953.27,82,1
1929,20240301,7,2,9,1,24.7,266370.61,223,1
1930,20221011,8,6,6,3,34,1143054.21,171,1
1931,20240331,7,5,3,3,24.1,1953519.58,200,1
1932,20230410,10,3,8,3,27.6,779655.69,27,1
1933,20240621,2,10,9,0,71.9,337236.08,22,1
1934,20240328,2,12,3,4,57.5,340973.31,114,1
1935,20221011,10,2,2,3,34,1779972.4,49,1
1936,20231002,3,11,3,3,35.3,-,12,1
1937,,5,2,1,4,17.6,228642.01,191,1
1938,20230109,8,1,7,2,33,489558.07,428,0
1939,20240920,3,12,3,1,20.8,1736108.6,138,1
1940,20230914,2,3,1,5,31.6,825345.42,405,1
1941,20240103,-1,10,7,4,30,1343925.75,34,0
1942,20240215,1,3,9,2,69.2,1367894.05,40,1
1943,,4,5,5,3,26.5,1929432.82,437,1
1944,20230621,1,3,7,5,66.7,1082193.63,248,0
1945,20240203,1,10,1,2,40.6,1854746.11,433,1
1946,20241021,8,7,9,1,47.4,1331644.23,230,1
1947,20220614,9,12,5,5,27.4,1902910.05,178,1
1948,20221026,1,4,10,99,53.1,19963.47,271,0
1949,20230209,4,11,9,3,63.6,1115553.45,212,1
1950,20240722,8,11,7,5,42.6,557167.94,243,1
1951,20240703,3,2,7,1,13.1,221269.07,25,1
1952,20240624,4,11,2,5,38.9,1803735.36,236,1
1953,20231105,6,2,9,1,19.7,237991.8,465,1
1954,20220408,5,10,10,1,54.3,1012002.8,116,1
1955,20221020,1,3,8,1,46.6,1242556.56,367,1
1956,20220218,9,3,1,1,9.2,1836058,368,0
1957,20241201,1,1,10,5,58.6,1200457.13,297,1
1958,20240507,6,5,2,4,8.9,1540161.54,458,1
1959,20240713,9,5,3,4,32.1,1449570.55,333,1
1960,20231002,10,2,3,4,16.1,1982350.25,202,0
1961,20240423,8,3,8,5,57.1,394957.45,320,1
1962,20220927,1,1,3,5,18.1,1201633.07,401,1
1963,,6,6,2,3,31.4,546107.57,155,1
1964,20220225,1,3,7,2,62.6,155690.26,396,1
1965,20240105,3,12,2,5,37.9,1624549.95,347,1
1966,20231110,1,4,1,1,42.4,572650.38,309,1
1967,20241109,8,3,1,3,13.1,162940.3,478,1
1968,20231029,5,10,3,1,68.5,542867.4,11,1
1969,20220616,1,3,10,3,22.8,627176.97,72,1
1970,20221221,8,9,5,5,9.5,234495.95,190,1
1971,20220313,3,3,3,2,48,68258.93,457,1
1972,20221228,1,6,7,5,26.8,1098405.33,323,1
1973,20220517,2,1,8,1,64.7,1812105.07,2,1
1974,20221225,5,5,7,2,57.6,1049531.88,313,1
1975,20231130,5,2,3,2,0,576741.49,120,1
1976,20240629,2,8,1,3,32.8,380476.52,154,1
1977,20220722,7,2,3,2,56,1385261.12,44,1
1978,20230405,1,6,5,3,47.6,1729466,472,1
1979,20230314,7,4,7,5,9.8,1472491.86,94,1
1980,20240113,-1,12,10,2,41,1861185.76,74,1
1981,20241025,4,2,9,5,67.5,605829.38,409,1
1982,20220104,4,6,9,3,57.8,1824229.52,223,1
1983,20241006,6,7,3,2,51.9,932574.36,86,1
1984,20220609,4,10,9,5,12.3,1221895.4,327,1
1985,20220613,3,8,9,4,17.3,1980718.94,418,1
1986,20220513,9,5,5,3,64.4,346121.35,305,0
1987,20240504,5,7,5,2,51.5,213729.04,286,1
1988,20231025,5,5,9,3,43.7,1328706.99,408,1
1989,20240606,2,8,1,4,28.1,491351.73,313,1
1990,20240411,3,1,8,1,8.7,1842572.09,118,1
1991,20240906,5,7,1,5,35.2,1862692.57,446,1
1992,20240626,6,11,3,3,19.4,1101081.9,451,1
1993,20240902,7,3,3,3,71.1,238893.32,184,1
1994,20230309,2,5,6,-1,53.2,1097401.34,79,0
1995,20240322,5,9,1,2,19.3,780215.27,132,1
1996,20240626,1,2,7,3,62.5,1605633.75,160,1
1997,20221103,9,3,1,3,47.3,241905.55,493,1
1998,20240207,4,12,7,3,55,1256549.09,373,1
1999,20240528,7,1,10,3,49.3,710017.45,252,1
2000,20240618,4,8,3,5,41.5,1088228.31,301,1
2001,20240129,9,1,6,3,2.3,1454416.8,499,1
2002,20220827,3,2,1,1,5,803371.12,231,0
2003,20230713,5,12,1,3,61.8,1439569.28,204,1
2004,,9,8,1,1,20.2,1597591.93,177,1
2005,20240607,10,8,7,1,13.1,1453898.77,344,1
2006,20240120,4,3,7,1,47.9,931080.19,377,1
2007,20240722,3,11,9,3,12.4,828894.14,273,0
2008,20220318,8,12,1,3,71.2,191707.48,97,1
2009,20240504,7,11,3,3,62.5,1884355.17,488,1
2010,20231225,8,8,4,1,62.8,15544.45,177,1
2011,20230625,1,7,2,2,8.2,596592.25,479,1
2012,20231026,9,1,5,4,59.9,1445771.64,197,1
2013,20240418,4,11,8,2,21.6,691821.82,431,1
2014,20220630,3,10,5,3,67.6,1875653,471,0
2015,20230629,8,2,4,2,70.3,1634858.56,484,1
2016,20231111,9,10,1,3,47.7,1646599.15,296,1
2017,20230709,1,2,1,2,39.7,1944186.69,290,1
2018,20230318,10,7,5,3,2.8,1443173.13,193,1
2019,,6,7,10,3,10.6,,358,1
2020,20230610,10,5,6,2,61.9,1541373.75,428,1
2021,20241027,10,5,6,2,46.1,1644392.93,301,1
2022,20231230,3,9,6,1,65.2,727690.93,118,0
2023,20231125,4,10,7,2,53.4,1268817.65,59,1
2024,20230328,5,4,2,2,53.8,1327829.74,37,1
2025,20240412,9,8,7,4,32,638176.82,133,1
2026,20220205,3,5,9,2,23.7,632740.55,117,1
2027,20240417,7,12,9,5,62.5,83209.48,101,1
2028,20240520,4,5,5,2,60.3,897548.19,442,1
2029,20220922,5,10,2,1,12,633322.39,213,1
2030,20220821,9,12,5,2,37.7,124711.81,11,1
2031,20220915,1,2,1,1,45.4,1649587.76,49,1
2032,20240619,5,9,1,2,26.9,639807.44,455,1
2033,20220519,7,4,7,2,42,1842719.07,480,1
2034,20230123,8,7,5,5,62.1,1523396.9,407,1
2035,20230210,4,2,2,2,45.1,908485.13,197,1
2036,20221213,1,7,1,1,47.7,1477666.5,19,1
2037,20230121,10,9,9,4,28.3,236047.27,349,0
2038,,2,1,8,5,24.6,758031.25,209,1
2039,20240604,5,9,7,5,23,211452.86,434,1
2040,20231102,5,12,4,4,20.9,1545827.77,183,1
2041,20230228,10,1,5,2,67.6,1750062.24,285,1
2042,20240511,6,2,1,1,68.6,1111980.8,170,1
2043,20231212,8,2,7,5,37.8,556607.18,165,1
2044,20231222,9,11,1,5,45.4,974229.85,287,1
2045,20240224,10,4,9,1,20.2,1436965.9,341,1
2046,20231104,1,2,1,5,57.8,1439670.96,340,1
2047,20240806,6,5,6,1,69.6,1153536.01,176,1
2048,,2,9,5,2,9.8,964956.77,90,1
2049,20220218,8,6,5,4,50,907151.86,46,1
2050,20240725,1,10,2,2,42.5,1117750.38,142,1
2051,20241213,2,4,1,4,70.9,1068437.06,492,1
2052,20230417,1,2,8,2,48.6,167277.28,345,1
2053,20230403,4,10,10,3,45.8,173512.91,173,1
2054,20240126,1,9,5,1,66.7,820115.5,222,0
2055,20240720,8,9,1,5,23.6,1901219.98,399,1
2056,20240126,,6,4,3,3.3,1467691.44,91,1
2057,20240313,7,5,5,3,1.8,1483022.42,278,1
2058,20221114,2,8,2,3,63.9,522143.99,48,0
2059,20230201,,2,7,3,10.9,1932763.57,446,1
2060,20230716,9,5,9,5,5.7,1519713.51,278,1
2061,20231008,10,11,5,1,32.1,1680233.09,361,1
2062,20220728,10,4,6,3,3.8,1793721.81,257,1
2063,20220101,9,11,5,1,62.5,762021.01,234,1
2064,20220824,7,9,10,1,68,1937290.3,186,1
2065,20240902,6,9,5,3,21,1310899.55,322,1
2066,20240107,6,1,3,5,65.6,431057.12,341,1
2067,20230220,1,12,2,5,53.8,935254.66,55,1
2068,20220104,7,7,8,3,66,792830.68,35,1
2069,20230925,6,9,1,3,0.8,1916647.59,155,1
2070,20220125,3,12,3,3,62.1,1266520.85,138,1
2071,20230924,8,1,7,5,44.9,1787985.04,250,0
2072,20241125,2,3,3,2,60.9,-,143,1
2073,20221021,8,1,5,3,24.5,1550202.36,431,0
2074,20220907,2,2,7,2,58.4,1383532.82,208,1
2075,20240603,10,7,1,2,31.1,1985116.76,373,1
2076,20220119,9,9,9,1,21.8,783902.53,441,1
2077,20230208,4,4,1,3,70.2,214605.29,437,0
2078,20220917,3,5,6,2,61.3,1582781.17,491,0
2079,20220824,6,5,1,3,65.8,878781.63,386,1
2080,20241011,7,12,5,5,54,319572.34,255,1
2081,20230918,3,5,7,2,44.8,469422.24,334,1
2082,20240610,3,1,1,3,11.4,1151412.24,224,1
2083,20220303,1,5,6,5,18.7,1933650.57,415,1
2084,20221203,10,2,1,5,62,110356.49,286,1
2085,20240520,6,7,6,5,68,1070964.66,431,1
2086,20221104,3,12,7,1,55,914354.34,86,1
2087,20231114,10,10,9,5,53.5,740429.82,204,1
2088,20240905,9,9,9,3,49.1,93819.77,155,1
2089,20230426,2,7,10,3,56.6,206650.99,15,1
2090,20220920,8,8,1,99,10.7,1221312.07,49,1
2091,20231031,4,4,9,4,49,1187078.01,113,1
2092,20240930,2,10,1,2,24,1652601.47,82,1
2093,20220820,10,10,10,4,14.2,1483003.37,149,0
2094,20240413,9,4,4,4,68,1952594.1,446,0
2095,20240316,3,6,5,5,52.4,1240877.76,11,0
2096,20240324,6,5,6,4,35.5,1677130.62,62,1
2097,20240928,5,3,1,5,44.5,164284.2,86,1
2098,20230516,2,2,9,2,47.7,853755.86,216,1
2099,20231207,6,10,5,4,1.4,876000.89,216,1
2100,20230111,9,3,3,4,9,1401793.08,471,1
2101,20230921,3,11,8,6,70,1842690.43,171,1
2102,20240911,6,1,5,3,14,1719708.1,242,1
2103,20230212,8,9,2,2,4.6,-500,233,1
2104,20220612,2,9,4,-1,36.5,142681.04,224,1
2105,20240228,10,4,1,4,39.8,322186.42,206,1
2106,20240710,2,7,4,1,31.1,,46,1
2107,20241005,3,2,3,1,18.2,244398.33,191,1
2108,20240809,6,2,9,5,31.3,1364042.27,95,1
2109,20220330,8,9,6,4,32.7,541653.36,250,1
2110,20220712,1,4,5,4,60.9,903820.33,244,0
2111,20230403,5,12,9,-1,38,208202.01,273,0
2112,20220221,3,12,6,3,3,612104.83,384,1
2113,20231006,5,5,6,2,45,1739531.43,424,1
2114,20230322,4,8,9,1,70.5,409602.42,135,0
2115,20240911,7,1,7,5,41.1,1292892.87,297,0
2116,20241104,8,10,9,2,60.7,1372490.5,398,1
2117,20221119,5,6,5,2,0.8,1518200.59,154,1
2118,20241025,2,8,8,5,65.1,401176.51,319,1
2119,20240201,8,10,3,2,71.6,1186040.03,1,1
2120,20220223,4,2,5,4,2.6,1659017.09,219,1
2121,20221212,10,12,1,2,53.7,333930.95,217,1
2122,20240430,5,9,6,2,2.2,193949.81,308,1
2123,20240111,8,11,5,2,12.6,997841.06,126,1
2124,20240106,9,5,3,1,34.6,1784686.32,347,1
2125,20240228,9,2,8,2,10.2,1470461.57,58,1
2126,20231023,2,6,1,5,1.4,740863.17,404,1
2127,20230620,7,12,3,4,36.4,1318764.69,364,1
2128,20230725,3,6,6,3,68.6,1248213.47,178,1
2129,20230807,7,8,3,3,67.1,527255.48,243,1
2130,20220609,10,4,1,5,36.7,606209.06,226,1
2131,20220329,10,1,2,5,69,1416223.58,229,1
2132,20240722,2,8,6,5,33.1,1814384.02,257,1
2133,20231115,10,6,5,4,36.8,1300488.62,393,1
2134,20240325,9,12,2,5,48.3,311095.03,45,1
2135,20240314,6,10,3,4,11.2,1454526.9,171,1
2136,20220528,5,3,9,3,37,782476.62,113,1
2137,20240904,5,9,10,1,34.6,774414.18,203,1
2138,20230104,0,6,10,4,69.9,,137,1
2139,20240415,8,4,7,4,36.7,301457.44,26,1
2140,20220130,9,4,9,5,22.3,738248.21,114,0
2141,20230918,10,4,1,4,54.5,769753.98,346,1
2142,20241029,7,11,5,3,24.1,1592674.77,28,1
2143,20221018,5,6,3,3,42.8,1937860.35,343,1
2144,20240603,3,9,1,4,N/A,64530.39,118,1
2145,20220302,5,5,10,1,71.8,1288534.75,205,0
2146,20240826,9,3,8,2,9,1299309.75,428,1
2147,20220206,5,4,9,1,41.8,949753.95,441,1
2148,20220504,1,5,6,4,31.6,1605073.86,463,1
2149,20240610,6,11,8,1,57.3,694244.53,145,1
2150,20240911,5,11,1,5,10.2,415889.54,198,1
2151,20221021,8,2,8,4,45.4,N/A,318,1
2152,20241219,2,9,7,5,51.3,1786404.47,295,1
2153,20220615,3,10,6,1,43.4,1569654.42,35,1
2154,20220206,7,5,6,2,51.5,272227.15,349,1
2155,20220405,3,4,5,5,36.5,1761954.34,267,1
2156,20240730,2,6,7,5,39.9,44235.35,85,1
2157,20231124,3,8,5,2,30.2,969333.82,344,1
2158,20220214,7,2,1,1,52.6,1147323.01,118,1
2159,20241210,5,11,3,1,13.2,467652.02,496,1
2160,20220823,4,3,8,4,4.1,699127.33,223,0
2161,20240312,5,4,2,4,21.4,5776.88,33,1
2162,20220622,3,2,6,2,69.8,1305968.19,184,1
2163,20230802,2,4,1,4,64.9,1927704.18,340,1
2164,20220728,6,4,8,2,48.6,1581324.67,371,1
2165,20240912,7,4,9,2,40.5,1245213.29,261,1
2166,20220820,3,3,3,4,5.1,246969.85,251,1
2167,20240724,9,12,9,5,70.2,307449.71,72,1
2168,20230116,9,12,1,3,41.9,1091853.86,167,1
2169,20220910,6,8,9,2,21,925362.03,459,1
2170,20220112,9,4,9,2,62.3,98778.18,100,1
2171,20240408,10,4,1,5,2.8,1379858.42,147,1
2172,20230719,10,8,9,2,71.1,439422,352,0
2173,20230327,7,9,7,2,57.2,410250.79,358,1
2174,20240528,10,6,10,2,30.8,574837.68,228,1
2175,20220112,5,3,2,2,34.3,873378.03,381,1
2176,20230224,9,11,3,2,43.7,1581015.44,89,1
2177,20240924,2,12,1,4,36.6,750238.25,482,1
2178,20231120,4,1,9,1,12.1,1349803.3,459,0
2179,20220428,7,10,7,3,36.6,1907577.6,400,1
2180,20240314,4,9,9,4,45.3,830178.69,258,1
2181,20240218,5,10,1,3,70,922692.75,243,0
2182,20220418,2,9,7,5,64,1224065.57,19,0
2183,20221222,9,11,5,2,4.2,1080054.67,333,0
2184,20220918,10,2,3,5,33.6,574127.47,227,1
2185,20230415,5,7,1,4,12.5,1745867.94,260,1
2186,20230109,7,7,5,4,7.1,1805414.59,177,1
2187,20220925,1,1,1,5,30.3,1040112.03,433,1
2188,20230811,3,1,6,5,69.3,-,165,1
2189,20240329,5,2,2,5,59.8,898783.08,344,1
2190,20220713,4,6,7,2,16.6,1841904.72,283,0
2191,20220712,5,8,3,3,48.3,1127532.42,372,1
2192,20231116,2,8,5,4,0,1471096.06,66,1
2193,20231116,3,8,4,5,4.5,1075074.67,104,1
2194,20220601,5,12,3,2,65.5,-,132,0
2195,20241001,7,3,2,5,8.8,736303.35,182,1
2196,,3,2,2,2,40.6,492820.08,426,1
2197,20231106,7,11,1,2,66.4,485139.01,329,1
2198,20240307,6,9,7,2,15.8,1074255.59,444,1
2199,20220924,9,6,3,5,1.1,221017.11,262,0
2200,20221112,5,9,9,3,31.6,1754859.29,270,1
2201,20220301,6,8,1,5,35,1534338.42,339,0
2202,20220203,7,7,5,2,52,1488725.42,203,1
2203,20230602,5,1,5,5,29.8,1217468.91,298,1
2204,20220506,9,4,7,5,55.5,561601.68,178,1
2205,20220613,1,12,1,3,68,1987408.13,401,1
2206,20230916,10,2,5,4,54.9,1223980.83,360,1
2207,20230418,1,7,2,4,23,468796.51,259,1
2208,20240324,3,2,6,2,71.7,1159335.22,411,0
2209,20230305,5,4,2,4,65.3,1033952.29,416,1
2210,20220924,9,9,8,5,70.9,746996.8,196,1
2211,20230104,1,9,9,2,28.6,851334.31,223,1
2212,20240121,4,2,6,3,15.3,940981.15,492,1
2213,20240630,9,12,7,1,56.9,1898035.36,455,1
2214,20220423,5,2,8,3,5.5,1951392.17,157,1
2215,20220101,8,9,3,4,12.6,1453136.37,31,1
2216,20230330,10,7,2,4,70.6,560100.3,393,1
2217,20240919,10,5,7,4,49.2,1692482.71,377,1
2218,20220330,8,6,6,3,6.9,1534956.42,260,1
2219,20240210,8,9,2,2,26.5,853791.15,188,1
2220,20240318,,11,2,4,16.1,1854969.25,469,1
2221,20230826,9,11,3,5,66,49909.96,150,1
2222,20230321,3,4,1,1,2.2,183111.65,373,0
2223,20220726,1,4,1,2,66.9,926539.98,383,1
2224,20220318,7,8,6,2,43.8,388647.31,29,1
2225,20230320,3,12,7,1,30.1,1679797.71,80,1
2226,20240906,6,6,5,3,37.6,794221.09,144,1
2227,20220910,6,2,9,4,59.3,722927.06,399,1
2228,20231125,5,9,2,2,10.6,1700691.66,495,1
2229,20240106,5,10,3,5,56.1,1856651.72,430,1
2230,20220221,8,2,7,5,15,1260577.69,337,1
2231,20220826,9,10,5,2,17.4,1495442.8,308,0
2232,20241011,5,12,3,5,43.3,782057.47,59,1
2233,20220712,6,6,5,2,38,1987609.93,114,1
2234,20220430,6,10,7,5,59.7,1565708.03,272,1
2235,,4,12,2,5,71.6,1121266,139,1
2236,20240710,5,3,10,1,28.4,240602.53,307,1
2237,20220526,8,12,1,3,58.4,1829440.64,148,1
2238,20241014,3,7,6,3,44.6,902246.31,48,1
2239,20240829,99,8,3,1,35.2,283311.87,18,1
2240,20230222,1,1,3,2,7.3,776577.31,341,1
2241,20220719,6,1,10,4,18.6,1740485.24,133,1
2242,20221229,7,3,5,4,7.9,385349.96,9,1
2243,20220804,1,1,1,5,10.5,890202.26,156,1
2244,20220228,9,5,2,5,-2,1627903.65,403,1
2245,20220522,7,6,1,2,47.5,1874517.04,303,1
2246,20230806,7,7,5,1,8.3,1396962.15,292,1
2247,20241008,4,7,1,1,61.9,13693.03,249,1
2248,20221207,6,1,2,1,70.2,-500,446,1
2249,20220911,5,8,6,2,22.1,600695.79,456,1
2250,20220516,8,2,1,2,15.7,942991.85,188,1
2251,20220911,8,7,6,4,7.8,499840.6,109,1
2252,20220731,3,8,5,3,4.6,1981415.13,480,1
2253,20230928,7,7,5,1,59.1,539961.88,234,1
2254,20230330,1,8,6,1,14.8,334034.3,111,1
2255,20240613,9,8,8,2,65.6,13249.86,293,1
2256,20241108,-1,3,5,1,35.4,330948.46,497,1
2257,20230202,2,1,1,2,18,1642752.46,375,1
2258,20230123,10,10,6,3,7.8,1389895.27,224,1
2259,20220113,1,2,1,5,38.2,828610.15,498,1
2260,20231026,2,5,3,4,10.6,1474590.87,128,1
2261,20240401,6,8,5,1,4.9,824401.9,241,1
2262,20230620,8,10,3,5,20.4,1620135.5,244,1
2263,20220815,8,1,9,4,71,200564.06,19,1
2264,20241113,1,4,3,1,48.2,-500,415,1
2265,20240427,1,6,7,3,32.9,877966.69,342,1
2266,20240514,3,9,7,4,60.4,633878.87,372,0
2267,20241020,8,9,9,4,12.2,1047838.9,366,1
2268,20221230,9,3,5,4,47,1581253.97,387,1
2269,20220221,10,3,3,3,40.7,1575079.65,485,1
2270,20220220,10,7,2,3,50.9,1353710.9,466,1
2271,20220227,7,5,3,3,-2,1571680.92,193,1
2272,20220821,4,9,1,2,71.3,804357.67,398,1
2273,20240910,4,12,3,2,64.3,1519395.82,155,1
2274,20220715,6,5,1,5,54.9,636002.43,306,1
2275,20220603,1,8,3,1,43.9,878765.15,96,1
2276,20221129,4,1,1,4,68.6,1527423.17,286,1
2277,20240813,1,1,8,1,14.3,920729.26,171,1
2278,20220712,9,7,5,2,50.7,1859094.48,417,1
2279,20241223,9,6,2,1,45.4,1777581.5,412,1
2280,20230606,9,5,7,5,68.6,1726278.38,384,1
2281,20230526,1,1,1,1,7.2,1493592.88,297,1
2282,20221215,2,2,6,5,69.6,229038.58,36,1
2283,20230521,7,5,9,2,53.8,397688.2,234,1
2284,20221203,7,8,8,2,66.7,1537386.03,201,1
2285,20230403,4,1,2,2,67.7,871434.81,231,1
2286,20230619,99,9,6,5,9.9,573928.11,191,1
2287,20221102,6,2,10,1,62,1036270.29,345,1
2288,20230624,8,11,9,2,20.1,1002810.68,4,1
2289,20231123,9,12,1,4,53.6,247961.95,188,1
2290,20240926,6,7,5,1,37.4,1816102.09,235,1
2291,20231107,,6,3,5,36.7,1537219.18,100,1
2292,20240314,2,9,2,5,48.6,260757.41,390,1
2293,20221008,3,6,2,5,41.5,1297955.81,281,1
2294,20230618,6,11,5,2,16.9,892739.96,86,1
2295,20231002,9,4,7,5,20.5,993227.5,455,0
2296,20241004,9,12,6,2,40.8,1099111.98,15,0
2297,20230908,8,6,1,2,4.4,1387368.19,75,0
2298,20220905,,11,5,3,7.8,326555.23,338,1
2299,20220109,,8,2,3,61.7,669599.03,294,1
2300,20220119,10,11,5,3,43.6,1934631.16,146,1
2301,20220314,1,12,4,5,61.4,870230.87,225,1
2302,20220116,9,8,1,4,29.4,46716.13,413,1
2303,20220613,5,6,1,2,47.1,1903047.38,375,1
2304,20241016,7,11,9,5,3,39725.5,97,0
2305,20240726,1,12,3,1,33.1,1215701.11,219,0
2306,20230414,9,8,3,4,59.5,595276.38,308,1
2307,,,9,9,3,37.7,1192383.94,279,1
2308,20221211,9,11,6,3,10.1,1853744.88,420,1
2309,20230905,6,11,5,2,3.9,1485779.84,262,0
2310,20241108,2,9,9,2,9.7,769785.24,277,1
2311,20240309,2,8,9,5,21.4,135093.59,466,0
2312,20240411,8,2,7,1,34,100168.47,401,1
2313,20240430,2,4,5,1,50.5,1863640.91,324,1
2314,20240127,8,11,1,2,54.5,1712079.63,173,1
2315,20220511,,5,9,1,23.3,26265.46,296,1
2316,20220130,10,4,1,5,8.5,1771353.18,336,0
2317,20241115,6,5,2,3,22.1,1888836.99,215,1
2318,20230219,1,7,9,5,35,123354.2,253,1
2319,20230211,8,9,1,4,36.9,59440.33,32,1
2320,20221008,5,5,9,2,59.3,,46,1
2321,20240202,,6,9,5,52.9,1295832.69,277,1
2322,20230609,7,12,3,6,4.5,321157.13,14,1
2323,20241127,8,9,8,3,25.2,1849336.98,169,1
2324,20220930,3,7,1,1,35.1,1490775.95,470,1
2325,20240107,4,3,4,1,28.9,1094039.63,323,1
2326,,9,2,1,3,54.6,227459.87,120,1
2327,20221109,5,11,10,4,65.5,1660049.41,429,1
2328,20240511,10,11,5,5,70.3,1251434.25,113,1
2329,20240630,1,9,5,2,51.9,991172.69,102,0
2330,20230217,3,10,1,2,41,1167502.27,455,1
2331,20230226,6,2,7,5,65.9,1563254.76,377,1
2332,20220807,10,1,7,1,26.9,1663396.39,259,1
2333,20231214,10,4,5,4,13,216269.22,290,1
2334,20230326,10,5,10,2,7.2,261442.56,433,1
2335,20230810,6,2,7,3,70.1,804536.68,27,0
2336,20230215,0,4,6,3,21.1,937632.07,164,1
2337,20231029,8,2,10,1,47.2,1726045.58,342,1
2338,20230914,1,9,9,5,4.2,446852.68,327,1
2339,20241228,7,9,9,2,33.6,46686.02,196,1
2340,20230906,,12,1,1,0.9,834465.32,50,1
2341,20220529,1,3,3,3,61.8,1017886.62,465,0
2342,20230205,3,6,2,3,27.7,277153.51,179,1
2343,20241202,1,12,7,1,9.4,822015.22,236,0
2344,20240311,10,7,1,5,52.3,1665524.49,330,1
2345,20231218,3,7,9,4,19.8,3409.91,381,1
2346,20220521,,9,6,3,38.6,800742.93,138,1
2347,20230317,9,12,1,4,28.9,1333429.56,158,0
2348,20230801,5,11,1,2,35.7,1543817.03,431,1
2349,20241116,7,7,6,3,34.1,1837356.87,108,0
2350,20240227,10,9,1,1,0.7,628852.63,292,0
2351,20241102,3,9,1,2,12.5,533938.99,487,1
2352,20230602,3,9,1,1,5.8,-500,443,1
2353,20230816,6,5,9,4,28.9,311586.76,307,0
2354,20220318,6,5,3,2,13.2,1373326.93,434,1
2355,20230611,4,9,2,1,42.4,1006777.25,58,1
2356,20231107,6,4,9,3,33.5,1006853.06,276,1
2357,20240208,3,12,1,1,68.8,1110949.06,224,1
2358,20220220,9,6,2,5,,1087561.29,27,1
2359,20240521,8,9,4,2,27.1,189083.95,408,1
2360,20240806,6,6,1,5,48.5,1917594.25,350,1
2361,20220505,6,7,2,2,6.4,654078.71,92,1
2362,20231015,,4,1,1,17,305594.14,458,1
2363,20220719,10,1,3,4,35,718643.09,176,1
2364,20240124,7,1,9,3,43.2,789476.28,272,1
2365,20230708,10,8,7,5,56.2,53025.66,190,1
2366,20221004,4,12,9,3,29.2,1689276.02,6,1
2367,20220322,6,1,9,2,35.1,1257418.17,259,1
2368,20230417,2,2,9,5,63.9,1985238.64,273,1
2369,20230117,4,12,3,4,20.4,1067491.23,183,0
2370,20230427,10,8,1,1,18.3,1589753.42,497,1
2371,20230109,4,2,2,1,44.7,226399.52,349,1
2372,20231006,5,9,7,4,44,794882.38,1,1
2373,20220107,9,3,4,3,63.6,776537.27,224,1
2374,20230427,1,8,6,6,40.9,1928757.58,320,1
2375,20240930,7,6,3,4,70.4,224460.24,398,1
2376,20220401,10,10,10,2,50.3,128368.98,282,1
2377,20240531,2,12,1,1,29.2,1628269.28,373,1
2378,20240430,5,6,8,3,66.1,1088420.72,250,1
2379,20240315,2,6,3,5,8.5,653549.6,407,0
2380,20231028,4,2,1,2,56.8,1776109.89,196,1
2381,20240305,2,7,3,4,7.5,1284850.15,47,1
2382,20230813,8,3,1,3,67.1,1414978.09,159,1
2383,20241108,10,4,7,2,71,138063.19,309,1
2384,20220531,8,6,7,4,56.1,1300347.84,468,1
2385,20230813,3,4,1,2,-2,1501911.52,403,1
2386,20231002,6,6,7,2,1.4,1701133.97,155,1
2387,20240614,2,9,6,2,16.6,1776350.12,379,1
2388,20241207,3,12,2,4,66.9,365267.85,310,1
2389,20241125,3,12,3,4,52.5,1647094.4,304,1
2390,20220928,2,4,1,1,43.4,1656074.53,454,1
2391,20230403,9,12,7,4,45.1,1778287.71,341,1
2392,20230301,1,2,6,2,71.7,257277.56,210,1
2393,20241202,1,6,2,1,53.7,946138.02,347,1
2394,20240623,7,3,2,1,31.7,1272713.03,437,1
2395,20221019,10,6,2,4,37.5,863308.35,216,1
2396,20220531,10,7,5,2,6.4,1845490.06,406,1
2397,20221009,5,8,2,5,0,1619135.01,371,1
2398,20230321,-1,5,9,5,35.8,271260.01,119,1
2399,20220228,4,8,7,4,55.3,1010409.67,206,0
2400,20220216,6,11,3,1,35.4,477580.24,393,1
2401,20220115,10,9,2,5,64,1527745.7,152,1
2402,20220924,10,8,9,2,12.6,217317.72,36,1
2403,20240916,4,9,5,2,38.6,1603857.94,239,1
2404,20231030,2,9,5,4,30.5,766855.22,209,1
2405,20220416,5,10,4,5,54.1,999694.74,272,1
2406,,8,2,6,4,70.6,1553508.53,86,1
2407,20221127,7,8,3,5,4.4,1572179.53,300,1
2408,20241102,2,5,3,1,62,750209.3,317,1
2409,20231128,10,4,8,4,25.1,321159.03,93,1
2410,20230419,9,4,9,3,71.7,696316.95,318,1
2411,20240227,4,3,8,5,50.8,662428.66,213,0
2412,20231206,3,11,9,4,52.9,1946607.45,99,0
2413,20221221,8,10,6,2,31.5,1612149.55,69,1
2414,20231228,7,5,3,5,10.7,1073813.16,455,1
2415,20230826,7,12,9,4,10.3,1116238.99,465,1
2416,20220524,2,10,1,5,37,1944941.82,290,0
2417,20240221,5,6,1,3,34.6,1658357.1,388,1
2418,20230301,5,5,3,3,14.7,126543.28,67,1
2419,20240216,6,11,9,4,N/A,1988906.05,90,1
2420,20220409,8,8,1,5,6.7,1688474.46,257,0
2421,20241107,3,11,9,3,62.9,1359542.2,197,1
2422,20240914,7,3,8,2,38.2,1291617.09,4,1
2423,20240323,2,10,10,4,32.2,629546.03,52,1
2424,20240420,1,10,4,5,16.5,1454329.23,141,1
2425,20221215,8,8,8,1,22.2,692210.2,357,1
2426,20240908,8,6,1,4,31,618047.83,175,1
2427,20241107,7,2,5,2,36.6,598819.05,205,1
2428,20230926,10,1,3,3,2.1,1021041.4,87,1
2429,20230608,7,6,9,5,52.1,1653195.98,249,1
2430,20241227,8,3,7,4,49.5,1855574.11,170,1
2431,20220910,7,4,9,5,30.3,998667.86,420,1
2432,20240321,10,3,2,5,63.2,396841.54,328,1
2433,20220125,5,8,6,1,59,791145.79,114,1
2434,20221010,2,9,3,5,61.6,1441435.18,58,1
2435,20240815,6,7,2,4,49.2,334606.16,69,1
2436,20220423,8,1,9,1,49,N/A,285,0
2437,20240526,8,7,7,2,57.7,814560.2,494,0
2438,20220128,8,3,6,2,6.5,218031.37,417,1
2439,20230612,4,6,3,2,12.3,437172.89,60,0
2440,20240101,2,2,5,5,9.2,459447.06,459,1
2441,20240203,8,10,3,2,16,602775.35,248,1
2442,20220822,8,5,3,4,16.5,1680407.89,45,0
2443,20231025,3,11,3,5,11.5,1078045.6,68,1
2444,20230621,4,5,3,4,9.3,988882.36,55,0
2445,20240515,6,10,7,1,36.8,665985.37,292,1
2446,,2,11,1,5,54.6,1012569.57,28,1
2447,20231119,8,1,1,5,14.6,182257.54,70,1
2448,20220214,1,3,7,2,44.7,1962602.32,246,1
2449,20221006,7,7,5,4,61,917327.69,109,1
2450,20221104,10,5,9,2,35.9,1872270.47,57,0
2451,20231206,7,5,1,4,11,1937461.6,13,1
2452,20230331,5,1,3,3,16,1741251.5,98,1
2453,20241220,5,11,3,4,32.9,246815.04,132,1
2454,20230531,7,2,3,3,30.5,444515.76,147,1
2455,20220922,2,4,10,4,62.2,1202912.53,238,1
2456,20220606,2,8,9,1,68.2,1160099.3,34,1
2457,20230608,7,2,1,1,16.3,1955474,437,1
2458,20230708,2,7,3,1,46.8,546026.32,444,1
2459,20240923,7,5,2,1,51.2,283922.94,111,0
2460,20241027,1,8,2,5,49.7,392639.14,213,1
2461,20230206,1,9,6,1,27.5,797823.9,436,1
2462,20220503,8,12,2,5,33.2,51708.42,185,1
2463,20231007,5,3,1,5,2.2,521425.07,235,1
2464,20231029,5,6,3,5,16,1315037.05,12,1
2465,20231009,7,12,9,4,37.7,934619.46,382,0
2466,20240510,5,11,10,3,0,1854694.68,213,0
2467,20230607,1,7,1,5,47.4,409134.33,5,1
2468,20241207,5,3,2,3,6.6,1195782.14,202,0
2469,20240222,2,8,3,3,14.4,1653295.11,116,1
2470,20240430,10,10,6,5,37.6,54795.82,473,1
2471,20221012,8,1,5,3,14.5,1309286.59,31,1
2472,20220327,2,7,2,3,47.9,214203.64,89,1
2473,20240822,8,7,3,3,55.8,679729.11,124,1
2474,20240408,1,8,7,2,68.5,903801.56,67,1
2475,20240429,6,9,7,5,54.9,411676.45,195,0
2476,20240125,,5,3,4,53.3,681087.46,214,1
2477,20230818,4,2,1,3,13.4,1836189.57,445,1
2478,20231123,8,3,9,2,58.6,727598.99,44,1
2479,20220224,7,5,8,3,57.7,391376.2,184,0
2480,20240501,6,8,1,2,18.8,287905.29,67,1
2481,20240127,10,5,9,4,4.7,360295.76,194,1
2482,20230217,4,1,7,1,29.5,1030832.75,192,1
2483,20221221,2,5,2,3,0.9,1637617.33,18,1
2484,20220105,1,4,3,5,12,716086.08,240,0
2485,20240715,3,8,10,2,34.5,421421.53,209,0
2486,20240604,7,9,8,3,70.8,1453762.64,59,1
2487,20240712,5,6,8,1,12.1,1523946.5,421,1
2488,20240210,7,6,4,3,49.1,471787.09,215,1
2489,20221207,10,9,3,4,39.5,1331676.61,375,1
2490,20231230,8,7,6,3,60.1,1122569.37,322,1
2491,20231103,10,1,7,1,29.7,704200.65,61,1
2492,20240629,5,11,9,2,68.9,1696119.68,431,0
2493,20220214,10,5,6,3,24.2,1780260.27,263,1
2494,20241216,9,5,6,1,57.4,1738992.98,56,1
2495,20240624,1,7,1,3,62.4,493165.5,395,1
2496,20230713,1,4,6,3,51.6,731166.01,199,0
2497,20230125,8,9,3,2,14.2,1519548.34,297,1
2498,20230308,9,10,7,5,1.4,1953227.55,313,1
2499,20231213,5,8,1,5,71,1079796.06,152,1
2500,20241019,5,7,1,4,28.5,N/A,496,1
2501,,7,12,6,99,59.4,377277.47,233,0
2502,20230509,6,11,3,4,58.8,1400893.91,375,0
2503,20241016,4,2,9,5,17.3,1683078.05,207,1
2504,20240209,10,1,1,4,1.6,331939.55,477,1
2505,20230610,5,11,3,2,66.6,1052669.97,473,1
2506,20221109,7,2,1,2,46.3,987805.02,452,1
2507,20221222,5,8,4,2,1.1,925267.57,60,0
2508,20220728,9,2,3,5,37.2,1335327.9,75,1
2509,20220530,7,8,7,4,1.2,1237275.83,204,1
2510,20221115,2,10,9,2,53.3,963140.57,0,1
2511,20240904,3,2,6,1,24.5,1792318.26,125,1
2512,20220315,8,8,3,1,11.4,1571034.5,488,1
2513,20231101,10,8,5,4,70,710275.62,11,1
2514,20230412,2,7,3,3,46.9,1297558.32,394,1
2515,20230830,8,12,6,2,64,1738124.01,207,1
2516,20231124,3,7,5,2,43.5,77914.82,56,1
2517,20230724,1,6,10,2,35.8,1448468.2,137,1
2518,20230613,1,6,1,5,0,423994.38,216,1
2519,20230223,2,6,3,1,68,1850579.99,191,1
2520,20220214,3,6,3,1,3.8,1931768.04,394,1
2521,20221107,5,8,8,4,55.9,1646531.02,435,1
2522,20241026,1,11,1,5,56.7,1863380.08,388,1
2523,20231102,9,8,2,4,13.8,1962508.81,144,1
2524,20240502,5,6,1,2,71.6,1477985.68,478,1
2525,20240224,4,11,1,5,41.9,1854036.72,69,1
2526,20230926,7,7,3,5,51.9,921380.25,339,0
2527,20230511,8,11,1,2,28.5,808064.06,439,1
2528,20230227,3,8,7,2,71.5,940358.25,140,1
2529,20230107,9,11,1,-1,21.8,1437312.34,23,1
2530,20240115,7,8,7,4,55.9,283469.57,137,1
2531,20240708,1,2,6,4,10.7,810500.25,246,1
2532,20240120,6,2,7,2,33.3,1785851.33,328,0
2533,20220418,3,10,1,2,61,774033.35,153,0
2534,20240702,2,3,4,3,55,1619624.8,63,1
2535,20230718,7,6,6,5,40.2,742065.68,203,1
2536,20230407,4,9,9,3,11.7,1644341.75,196,1
2537,20240416,6,4,1,1,31.9,1746298.39,42,0
2538,20230725,6,5,3,2,28.4,1127802.21,298,1
2539,20240918,7,11,3,5,27.6,336433.61,95,1
2540,20240527,6,12,6,5,21,,366,1
2541,20230207,8,6,1,1,9.3,1912138.03,473,0
2542,20230518,9,7,9,2,10.7,1905737.21,117,1
2543,20221126,1,12,5,2,67.7,1380281.5,113,1
2544,20220401,1,5,2,3,63.1,1482651.67,446,0
2545,20230418,6,12,9,5,19.3,278046.61,214,1
2546,20231203,3,1,6,5,65.7,1897161.26,452,0
2547,,7,1,1,1,12.1,788596.17,236,0
2548,20220320,5,7,8,3,36.1,1822954.15,126,1
2549,20221203,1,9,4,3,69.5,1133840.79,324,1
2550,20220817,1,3,10,2,32.7,1330941.66,139,1
2551,20230109,8,7,5,4,17.9,1200037.81,355,1
2552,20241217,7,3,5,3,16.9,1954455.47,222,1
2553,20221023,1,12,10,4,40.6,1069356.91,438,1
2554,,7,3,1,1,26.6,983391.48,467,1
2555,20220130,5,9,6,1,36.7,1140334.42,311,1
2556,20220719,3,8,6,4,67.8,1364146.26,55,1
2557,20220826,10,3,6,1,69.6,1797930.04,55,0
2558,20231010,7,9,10,5,38.6,1555379.68,170,1
2559,20240520,1,1,9,5,22.1,1741313.52,298,0
2560,20230811,3,1,1,4,4.8,211208.1,128,1
2561,20231014,8,2,5,3,23.7,370601.81,174,1
2562,20220717,1,8,3,5,23.9,1806209.94,60,1
2563,20220626,7,5,1,3,45.1,1754365.63,496,1
2564,20230723,4,9,4,2,64.5,1253447.25,85,1
2565,20230211,10,8,3,3,46.4,1444046.7,105,1
2566,20221005,9,12,6,1,14.8,1055411.79,461,1
2567,20220825,4,12,6,5,66.3,548997.35,277,1
2568,20230623,9,10,5,2,34.2,589657.31,497,0
2569,20231219,5,11,5,5,61.8,1781986.86,189,1
2570,20221223,7,9,9,2,27,1592609.39,360,1
2571,20240905,2,3,10,1,15.6,668958.5,400,0
2572,20230501,10,2,2,2,24.2,935614.25,106,1
2573,20230217,1,1,3,3,24.7,1017842.28,274,1
2574,20220227,6,3,3,1,38.2,95871.1,440,1
2575,20221004,6,4,8,1,70.3,109768.02,392,1
2576,20230602,,8,5,2,10.5,955106.16,351,1
2577,20230820,6,2,9,4,38.2,1634413.05,394,1
2578,20220605,8,8,5,2,36.3,930120.34,154,1
2579,20221018,6,9,2,2,11.4,1722135.02,178,1
2580,20240511,4,4,1,1,3.2,82940.94,343,1
2581,20220204,8,12,1,3,61.4,540774.16,313,1
2582,20230111,1,12,1,4,13,1594503.33,458,1
2583,20240518,9,8,1,1,42.3,1143391.81,9,1
2584,,9,7,5,5,71.9,1041323.29,405,1
2585,20230711,3,6,1,2,48.4,309222,400,1
2586,20241002,2,5,7,3,24.2,193557.11,239,1
2587,20241112,1,5,3,5,47,571433.34,63,1
2588,20231124,10,10,2,2,18.4,1882279.43,224,1
2589,20241203,5,4,3,5,11.7,1323102.03,499,1
2590,20221005,10,9,7,3,44.3,52277.85,318,1
2591,20230406,2,5,3,1,38.2,1962303.39,177,1
2592,20220304,7,6,1,4,54.7,1254230.35,24,0
2593,20220516,2,7,2,4,2,N/A,236,1
2594,20230725,2,7,5,3,25.6,967119.76,243,1
2595,20230520,4,3,7,4,41.5,1648065.64,5,1
2596,20220223,7,5,5,3,1.9,677852.94,486,1
2597,20220730,1,12,2,3,47.1,1989506.38,497,1
2598,20240326,10,1,1,3,27.9,915732.57,208,1
2599,20241230,7,11,5,5,70.2,281842.13,178,1
2600,20220702,6,11,3,5,37.2,502221.47,163,1
2601,20230923,1,11,5,4,65.4,1510920.64,125,1
2602,20241007,6,9,10,4,64.9,336370.42,144,1
2603,20220612,2,12,5,4,12.5,388536.97,385,1
2604,20221008,10,3,5,5,27.8,1704644.71,410,1
2605,20220808,8,8,9,3,24.3,1446182.2,472,1
2606,20240418,7,2,1,2,6.5,538178.75,344,1
2607,,3,6,3,3,43.4,1009081.56,113,1
2608,20220321,10,5,2,1,38.2,1481685.72,350,0
2609,20230621,6,6,3,2,24.1,1831509.1,293,1
2610,20220202,5,1,5,1,22.1,317774.51,322,1
2611,20230219,4,9,10,1,19.2,1805749.21,404,1
2612,20240930,8,12,7,4,24.4,45871.91,280,1
2613,20220202,3,9,3,4,13.5,936829.94,27,1
2614,20240814,3,5,7,5,6.7,948081.49,440,1
2615,20230706,6,9,1,2,6.1,1090105.16,277,1
2616,20240611,9,6,9,3,64.7,1758095.95,306,1
2617,20231210,1,3,9,4,3.6,1145711.36,308,1
2618,20230807,4,8,3,5,64.6,1886512.12,42,1
2619,20230109,6,8,1,1,17,1442532.67,291,1
2620,20230316,3,11,5,3,12.8,1316103.04,486,1
2621,20230409,4,10,1,1,23.6,329666.64,132,1
2622,20230522,3,6,2,3,71,1884772.58,493,0
2623,20230305,4,12,1,3,38.1,251620.98,12,1
2624,20240621,4,12,2,3,50.4,780182.93,394,1
2625,20230302,5,12,9,5,37.8,983446.14,401,1
2626,20230626,9,1,4,5,47.3,1660810.17,262,1
2627,20220114,4,7,3,3,62,665417.87,195,1
2628,20230220,4,1,1,1,35.8,169381.78,229,1
2629,20240919,1,2,3,1,46.3,891931.94,166,1
2630,20220806,7,6,3,1,26.5,1889433.71,311,1
2631,20230206,7,2,7,1,32.4,1000048.66,269,1
2632,20240905,4,12,6,5,59.6,1026431.21,284,1
2633,20230125,1,9,8,1,14.4,1688181.17,491,1
2634,20230122,6,9,8,3,4.8,1645245,287,1
2635,20220513,2,10,1,1,44.8,771629.66,186,1
2636,20240708,6,11,1,1,22.3,1824150.57,429,1
2637,20240704,1,12,3,3,45.1,1511588.02,247,1
2638,20240324,5,8,1,2,40.5,1874701.57,58,1
2639,20221126,4,10,1,4,5,628608.12,43,1
2640,20220623,1,1,7,5,10.7,1687716.96,361,1
2641,20231228,2,9,8,5,39.5,-500,135,0
2642,20230728,5,11,7,4,42.2,409770.7,181,1
2643,20241205,10,7,8,5,43.9,780250.73,235,1
2644,20220224,10,7,1,4,34.3,185742.83,402,0
2645,20240213,1,12,7,-1,26.4,358650.77,344,0
2646,20221225,10,8,10,3,31.8,1742265.82,276,1
2647,20230330,9,11,10,5,59.9,-,277,1
2648,20240120,99,7,1,1,25.8,604239.96,62,1
2649,20240125,7,4,7,3,45.9,1948850.56,499,1
2650,20220920,9,12,1,5,31.1,150044.9,300,1
2651,20240425,5,12,9,99,15.5,1352936.07,470,0
2652,20240829,5,7,3,4,38.3,149975.67,146,1
2653,20241117,7,4,5,1,62.6,628090.77,264,1
2654,20220316,3,9,9,5,13,1548458.03,491,1
2655,20220225,4,1,10,1,70.8,1104702.6,115,1
2656,20240416,7,3,7,5,30.9,181865.39,372,1
2657,,4,3,9,4,4.7,1729044.09,377,1
2658,20220830,6,6,1,2,30.1,427234.23,53,1
2659,20240807,9,11,3,2,23.5,305842.42,47,0
2660,20240919,5,7,5,5,36.1,553432.46,121,0
2661,20240616,8,5,3,4,58.4,716574.67,381,0
2662,20230629,9,10,3,1,52.9,1895076.52,282,1
2663,20230614,6,8,3,3,27.1,1500001.39,285,1
2664,20220728,10,3,5,3,11.2,1288909.31,241,1
2665,20230527,10,9,3,1,7.3,1679362.58,409,1
2666,20240324,0,4,1,3,0,153559.4,398,1
2667,20220130,2,1,5,3,71.9,876223.11,462,1
2668,20220603,3,1,9,4,38,930647.66,205,1
2669,20220226,4,8,5,1,61.5,1979875.18,378,1
2670,20240523,6,10,6,1,1.9,1537492.96,174,1
2671,20231130,3,3,2,4,34.9,1170857.42,240,1
2672,20220524,9,2,7,2,4,N/A,291,1
2673,20241003,3,11,1,1,29.8,768821.2,405,1
2674,20240307,2,2,9,3,61.3,1526480.14,69,1
2675,20241108,99,5,5,3,,1337827.09,445,1
2676,20240618,8,8,3,1,36.9,733394.06,74,0
2677,20221106,7,7,3,5,49.1,597377.83,418,1
2678,20230212,5,2,1,3,9.9,1236247.89,441,1
2679,20220602,1,1,9,3,8.2,1968322.6,218,1
2680,20231012,3,6,8,2,36.5,1707204.44,285,1
2681,20220706,7,8,8,4,50.7,1154677.49,128,1
2682,20240423,7,7,9,5,23.3,102372.79,309,1
2683,20220408,6,6,9,2,58.7,1362265.01,433,1
2684,20230204,1,11,1,3,72,-500,173,1
2685,20240712,2,8,1,5,59.3,529400.28,381,1
2686,20231022,10,9,1,3,17.6,328236.59,92,1
2687,20230102,9,9,3,2,23.8,206535.32,162,1
2688,20220213,3,2,9,2,48.8,370993.65,254,0
2689,20231125,8,6,1,5,46.1,1436195.25,420,1
2690,20230511,9,12,3,2,19.5,637143.3,409,1
2691,20240803,3,4,9,1,67.4,1006378.8,91,1
2692,20240715,3,5,1,1,14.1,1861625.7,428,1
2693,20220419,4,9,9,3,4.1,871556.13,483,1
2694,,8,7,4,3,24.1,1133788.36,80,1
2695,20221104,6,9,1,2,37.9,95991.92,374,1
2696,20240703,7,5,7,4,50.2,719841.73,410,1
2697,20220221,2,10,8,2,,1319236.09,483,1
2698,20241107,5,1,5,5,26.2,280991.58,236,1
2699,20220602,6,1,5,2,38.7,1857751.72,446,1
2700,20240103,2,1,5,4,45.9,1615725.67,323,0
2701,20230223,7,11,8,3,12.8,38604.31,35,1
2702,20240216,9,4,1,5,61.1,570047.03,324,0
2703,20240702,10,10,10,5,8.2,400022.84,259,1
2704,20240827,8,3,9,1,70.5,1472110.17,432,1
2705,20221102,4,10,8,5,56.8,403882.72,212,1
2706,20230820,2,12,1,5,17.1,1908752.43,102,1
2707,20230522,10,9,1,5,56.2,1243313.55,390,1
2708,20240529,1,3,3,1,11,1676036.25,204,1
2709,20230919,7,8,8,2,48,1512523.69,98,1
2710,20230227,5,1,9,5,65.9,1002765.18,387,1
2711,20241128,8,12,5,3,47,683924.56,241,1
2712,20240215,7,9,3,1,67.9,1504910.31,491,1
2713,20230209,8,5,3,5,19,676946.11,146,1
2714,20230707,4,9,3,1,27.4,1693404.76,198,0
2715,20231226,4,10,10,5,11.2,1541247.2,206,0
2716,20220811,5,7,1,1,58.9,283836.59,11,0
2717,20240809,7,10,5,1,69.6,1447912.86,91,1
2718,20231206,2,5,5,5,53.3,123414.64,296,1
2719,20230808,5,7,1,2,50,1898783.42,222,1
2720,20220731,2,6,3,4,70.8,1229520.28,407,1
2721,20240131,8,12,7,3,16.1,150514.34,288,1
2722,20230523,1,10,5,4,23.7,204761.9,146,1
2723,20230403,7,10,9,1,4.5,817259.61,4,1
2724,20221105,5,5,1,3,60.4,1795378.59,153,1
2725,20230105,1,5,3,5,10.7,1522611.03,147,0
2726,20220917,6,3,1,4,43.2,887874.69,247,1
2727,20230117,9,7,10,4,29.4,1222043.19,264,1
2728,20240225,5,11,10,2,27.5,575303.52,374,1
2729,20220206,,6,9,4,47.4,886377.07,276,0
2730,20230310,10,3,1,1,8.7,1299131.42,130,1
2731,20230312,3,9,8,1,60.5,956350.48,296,1
2732,20220705,8,12,1,4,47.8,661289.48,176,1
2733,20220510,6,6,6,4,28,1934666.23,230,1
2734,20230731,6,2,9,5,40.6,1306013.83,281,1
2735,20231022,4,4,4,3,45.6,334431.9,49,0
2736,20231107,8,7,5,4,70.9,1893280.51,227,1
2737,20231027,8,11,3,2,37.6,1004764.75,7,1
2738,20230816,2,12,3,2,20.6,225531.86,425,1
2739,20220207,6,6,8,1,66.2,525396.61,223,1
2740,20231121,5,8,3,4,18,1750322.23,20,1
2741,20230616,1,8,5,5,32.4,1619504.95,207,1
2742,20241027,4,2,3,4,26.4,1538242.32,147,1
2743,20230310,1,4,3,3,53.6,1312536.55,321,1
2744,20220212,,11,6,2,34.3,1613949.41,500,1
2745,20230914,3,2,3,0,63.5,1245458,491,1
2746,20220207,6,3,3,1,8.4,655693.32,229,0
2747,20220727,6,6,3,2,53.4,151712.53,466,1
2748,20240314,9,12,7,2,31.8,546866.77,358,1
2749,20220717,1,1,6,5,24.2,723693.24,386,1
2750,20240611,5,8,5,2,41.9,85108.92,79,1
2751,20230228,5,12,7,5,6.5,1268679.93,282,0
2752,20230420,1,3,7,2,57.4,517401.55,498,1
2753,20241205,,9,6,5,58.5,1109428.73,176,1
2754,20220429,10,6,9,1,5.6,1089752.64,230,1
2755,20240203,8,12,10,2,29.6,622256.83,7,1
2756,20241226,10,12,1,3,17,325907.83,252,1
2757,20220810,7,8,9,4,17.9,739590.11,114,1
2758,20230614,5,9,9,2,18.2,776021.97,161,1
2759,20240227,9,2,3,3,22.7,842462.86,104,0
2760,20221002,7,9,4,4,66.4,1406479.49,62,1
2761,20240521,7,5,8,4,64.8,1641254.55,112,1
2762,20220429,0,5,7,3,5.2,1161518.7,309,0
2763,20231214,3,6,6,5,20,1500179.17,197,1
2764,20220217,1,1,7,2,33.1,641954.37,267,1
2765,20220101,6,1,5,3,13.4,410240.64,177,1
2766,20220825,4,7,8,4,48,99260.27,282,1
2767,20241222,8,7,6,1,28.1,276224.53,184,1
2768,20240622,9,9,5,1,13.4,1282728.38,199,1
2769,,2,3,8,4,70.7,335131.35,71,1
2770,20220322,1,2,7,2,46.8,1312332,92,1
2771,20241031,2,8,6,1,49.5,-,331,1
2772,20230906,5,5,3,2,71.2,239410.28,331,1
2773,20240716,5,1,6,4,27.3,-500,472,1
2774,20220916,9,11,6,2,44.5,1460935.76,225,1
2775,20240723,3,9,6,5,24.6,1053047.56,266,1
2776,20240411,4,12,10,4,43.7,312167.93,195,1
2777,20230222,10,5,3,1,24.5,304295.6,481,1
2778,20231120,6,8,8,3,62.5,88715.13,153,1
2779,20230203,2,8,3,4,69.6,1788277.03,93,1
2780,20230509,0,9,9,3,27.1,1428432.79,446,1
2781,20231101,4,9,2,4,27.7,8086.99,91,1
2782,20231008,9,1,1,1,49.4,1132074.79,300,1
2783,20231107,7,11,4,1,49.6,1473239.03,406,1
2784,20231113,9,4,6,5,22,1972492.76,25,1
2785,20230830,9,4,6,4,54.2,N/A,275,1
2786,20220225,8,8,3,5,48.9,,353,1
2787,20240507,3,7,10,1,53.7,74389.92,344,1
2788,20240617,1,7,3,5,28.4,1450128.49,483,1
2789,20240126,7,4,10,1,17.5,772161.69,318,1
2790,20220525,7,7,1,5,63.7,1388869.18,93,1
2791,20240918,1,3,7,5,52.3,1452877.47,70,0
2792,20240625,5,2,5,4,22.5,1740278.39,371,1
2793,20220315,6,8,7,3,11.2,1024816.06,147,1
2794,20240814,7,3,8,1,26.2,750698.2,257,1
2795,20220801,5,7,10,1,13.8,771024.84,15,1
2796,20240528,99,11,2,3,64.8,1717520.19,219,1
2797,20220217,9,7,3,1,19.8,1577691.02,395,1
2798,20240918,7,9,3,4,31.6,115628.93,226,0
2799,20220802,4,12,9,5,70.5,1059994,480,1
2800,20240512,2,8,3,5,37.8,1009050.04,397,1
2801,20230409,3,12,5,2,13,1237386.7,138,1
2802,20220916,0,4,7,5,42.3,1901050.92,271,1
2803,20220723,9,12,7,4,43.2,804010.23,495,1
2804,20231003,9,12,10,1,2.9,1161868.09,1,0
2805,20230710,5,6,8,5,55.7,1287147.98,461,1
2806,20230215,5,5,7,4,38.9,1166052.99,465,1
2807,20231209,3,6,2,4,30.8,1257224.98,437,1
2808,20220211,,8,5,5,3.4,267507.61,467,1
2809,20230917,3,1,8,1,1,1375091.14,422,1
2810,20230405,6,11,1,3,2,128817.91,281,1
2811,20240504,8,4,1,3,65.2,1046115.73,78,1
2812,20241206,6,12,6,5,28.1,1045246.83,414,1
2813,20230706,6,5,5,3,29.4,345748.95,140,1
2814,20220429,4,2,1,2,71,1258682.66,357,1
2815,20220809,2,3,9,5,3.8,1824761.31,386,1
2816,,8,1,9,1,68.6,1547229.03,469,0
2817,20240412,9,10,3,4,69.7,1035452.63,147,1
2818,20220530,9,9,7,3,2.8,1274097.88,100,1
2819,20220704,7,1,7,2,42.8,735752.24,358,1
2820,20241114,1,5,1,3,21.2,-500,247,0
2821,20230103,1,11,1,5,12.9,611858.57,353,1
2822,20240825,5,5,1,4,47.5,1106104.73,259,1
2823,20230105,6,12,3,1,35.4,1531324.48,387,1
2824,20220109,10,6,1,1,68.5,1099728.88,291,1
2825,20220501,2,3,9,5,52.1,1456759.27,131,1
2826,20221110,1,12,3,4,22.4,1417488.02,291,1
2827,20221105,4,4,10,3,0.9,590636.51,421,1
2828,20220723,1,12,3,1,50.3,722481.15,315,1
2829,20221109,2,12,9,1,46.5,1503412.68,80,1
2830,20241224,3,2,6,3,50.3,1761412.07,475,1
2831,20221009,3,6,9,1,41.2,1452440.55,454,1
2832,20220130,7,9,10,4,5,1253195.92,132,1
2833,20220522,10,5,6,2,63.4,1876359.04,451,0
2834,20220530,3,6,9,4,23.4,933178.69,9,1
2835,,5,5,5,5,1.3,259039.34,183,1
2836,20240826,6,12,7,4,52.7,353296.47,136,1
2837,20231126,0,8,6,1,25,996410.34,291,1
2838,20220415,,7,6,3,48.8,57662.54,159,1
2839,20230817,7,12,6,99,34.3,516230.17,326,1
2840,20220520,6,1,1,1,10.4,364105.22,453,1
2841,20230126,10,2,7,5,52.1,424157.23,499,1
2842,20220904,,3,5,5,25.5,798086.13,79,1
2843,20241221,6,9,9,2,3.2,913010.15,371,1
2844,20231212,7,5,4,2,50.5,1366933.77,328,0
2845,20240908,5,12,7,3,36.5,1445080.32,480,1
2846,20230207,9,8,10,2,17.5,747321.47,298,1
2847,20230420,1,11,4,5,11.9,629863.26,307,1
2848,20230427,2,10,10,4,16.8,709093.05,422,1
2849,20231113,5,4,1,3,31.3,1645350.3,248,1
2850,20231001,6,9,10,2,31.1,1184022.48,103,1
2851,20220603,4,6,3,3,39.6,893278.19,37,0
2852,20240629,10,8,8,4,38.1,275235.01,337,0
2853,20240925,-1,12,3,3,2.1,1190121.41,76,1
2854,20230406,0,1,9,4,34.1,1720546.44,140,1
2855,20230516,6,9,5,99,30,899870.42,40,1
2856,20240506,1,8,9,4,66.8,471115.23,284,1
2857,20220613,5,1,3,3,46.4,803313.91,33,1
2858,20241122,10,10,9,2,29.6,197013.26,267,1
2859,20240526,2,7,9,1,60.8,762371.46,166,1
2860,20241017,7,5,3,5,29,227132.25,388,1
2861,20221229,6,3,7,4,17.4,1891975.97,462,1
2862,20230903,9,4,2,4,46,19714.15,184,0
2863,20220602,6,3,1,2,55.3,565445.12,158,1
2864,20220910,10,10,2,5,37,1153303.76,208,0
2865,20220728,3,7,5,5,49.6,741347.9,1,1
2866,20230513,1,11,7,3,18.5,1294454.88,443,1
2867,20230725,6,8,9,5,45.8,297077,13,0
2868,20240215,10,8,3,1,51.7,613673.17,160,1
2869,20230611,10,9,9,1,42.6,1514460.66,485,1
2870,20230416,4,8,6,5,13.8,898888.56,56,1
2871,20240404,1,12,8,5,-2,1657046.44,66,1
2872,20240116,6,4,3,6,13.7,489383.48,464,1
2873,20230524,10,12,1,3,52,444893.77,90,0
2874,20230819,3,10,5,2,12,1808243.78,431,1
2875,20230927,,3,9,5,39.1,450084.71,433,1
2876,20230506,7,4,5,3,53.2,526798.56,212,1
2877,,5,8,3,1,54.9,1123059.91,3,1
2878,20230322,6,6,2,3,71.5,441978.62,328,0
2879,20241208,3,12,5,1,8.4,972688.51,229,1
2880,20230402,5,10,10,2,61.6,1976096.22,347,1
2881,20230819,4,6,10,5,25.2,1480590.14,339,1
2882,20240416,8,10,6,4,17,1151319.66,128,1
2883,20240827,9,1,1,1,10.5,613884.22,381,1
2884,20230515,6,12,6,3,44.4,17511.8,16,1
2885,20231127,,1,9,1,62.1,1039753.68,29,1
2886,20221217,8,2,2,5,23.2,307901.66,252,1
2887,20240215,10,1,9,1,67.8,-,408,1
2888,20241003,6,11,2,5,55,1732325.14,311,1
2889,20221206,-1,10,1,4,41.4,1635284.45,23,1
2890,20241119,3,8,5,4,3.4,228977.59,305,1
2891,20221211,0,4,9,1,45.6,222247.22,223,1
2892,20221203,9,5,3,5,20.4,553259.27,49,1
2893,20241031,7,6,7,5,30.6,83708.59,352,1
2894,20230817,8,6,9,2,15,396363.68,215,1
2895,20230814,3,8,9,3,52.8,686532.07,115,0
2896,20240417,1,10,6,2,68.6,1073629.87,252,1
2897,20240906,,11,2,3,18.2,1468454.69,387,1
2898,20241101,4,4,3,4,8.3,646208.04,434,1
2899,20230824,1,7,5,3,55.9,1197335.15,93,1
2900,20240112,1,12,5,5,52.8,1575919.08,433,1
2901,20220614,2,4,1,5,12.6,1658192.27,124,1
2902,20240105,7,5,9,1,21.4,1163965.67,14,1
2903,20221107,5,9,7,1,49.8,1082895,90,1
2904,20230221,1,6,6,5,43.4,588785.39,229,1
2905,20240718,1,10,3,2,56.3,936241.75,403,0
2906,20241112,5,4,5,1,23.3,567299.5,158,1
2907,20230123,8,2,6,2,65.5,1995326.94,144,1
2908,20230626,3,2,1,4,27.5,1883294.5,378,1
2909,20241218,7,3,1,3,31.9,1565214.51,478,1
2910,20220405,4,2,10,3,33.6,1297279.98,142,1
2911,20230620,6,5,7,2,58.8,169712.01,37,0
2912,20231203,9,3,8,4,62.4,968675.69,40,1
2913,20240204,10,2,6,2,9.8,648099.61,303,1
2914,20241207,1,11,1,1,59.3,18915.69,74,1
2915,20220901,7,7,8,2,44.1,1891513.88,249,1
2916,20240112,2,11,9,5,64.3,1679896.69,483,1
2917,20240805,7,8,6,1,47.3,N/A,436,1
2918,20221213,-1,9,4,4,,752731.97,3,1
2919,20220408,3,8,6,5,44.8,976612.71,432,1
2920,20231126,1,3,5,5,10,260496.12,282,0
2921,20241217,9,11,1,4,65.7,328147.86,202,1
2922,20220817,2,4,9,5,30,1374934.47,94,1
2923,20220818,3,2,1,4,24.9,1324357.99,436,1
2924,20240810,8,8,3,3,28.4,1226340.03,306,1
2925,20220315,,4,1,1,19.7,81368.68,339,1
2926,20230112,6,6,1,5,25.2,568786.91,260,1
2927,20240529,1,8,9,4,4.7,388538.86,356,1
2928,20220914,6,2,3,2,12.5,533398.5,420,0
2929,20220628,9,9,2,4,48.2,210348.93,65,1
2930,20230425,-1,3,1,2,20.3,1037055.59,300,1
2931,20230629,2,10,3,5,27.5,206909.45,319,1
2932,20241220,10,4,9,2,39.7,369815.15,131,1
2933,20230309,10,5,5,2,58.2,1113272.22,484,1
2934,20220114,4,9,7,2,3.3,1700924.91,138,1
2935,20230518,10,12,9,3,68.5,1583629.39,431,1
2936,20240730,,3,2,5,26.2,643724.79,376,1
2937,20220706,2,9,2,4,0,1969915.72,183,1
2938,20240124,8,2,9,1,30.7,688295.7,152,1
2939,20230416,1,5,9,3,8.9,1248644.76,476,1
2940,20230509,4,11,7,1,35.4,1747556.37,185,1
2941,20241123,4,10,3,4,35.6,469597.02,21,0
2942,20230124,8,9,9,2,20.9,1928908.24,173,1
2943,20241021,4,9,1,10,50.3,1605570.68,349,0
2944,20230114,6,9,6,5,46.1,803272.54,34,1
2945,20240204,6,2,4,2,13.5,1129553.85,412,1
2946,20220909,4,11,9,3,64.6,313084.37,483,0
2947,20220324,8,5,7,1,47,852487.3,278,1
2948,20220816,10,11,6,5,,N/A,255,1
2949,20220225,5,7,2,1,23.9,1992054.73,415,1
2950,20230124,8,7,3,2,4.7,115149.93,473,1
2951,20220216,10,2,7,2,61.2,886502.73,270,1
2952,20220729,2,8,3,5,64.4,93846.82,339,1
2953,20240310,1,11,6,3,42.6,1835947.58,187,1
2954,20241012,1,3,1,4,28.5,1068023.03,147,1
2955,20230630,9,12,1,3,37.1,993310.52,465,1
2956,20220602,10,8,10,2,35.7,1718939.51,493,1
2957,20230113,5,2,9,1,56,1551795.26,492,1
2958,20220912,7,10,6,4,57.8,212129.85,439,1
2959,20221118,1,9,9,10,56.8,209475.16,360,1
2960,20241012,3,9,1,1,49.2,599621.26,276,1
2961,20240207,8,5,3,3,13.1,162109.08,248,1
2962,20230817,6,11,5,3,32.5,1790707.96,74,1
2963,20231125,6,8,1,5,56.7,880225.67,107,1
2964,20240501,1,9,6,2,59.2,N/A,478,1
2965,20240924,9,11,3,5,42.2,227141.67,278,1
2966,20240606,8,6,5,5,16.3,1779377.78,481,1
2967,20230317,10,1,9,1,56.6,967214.42,175,1
2968,20220629,8,11,1,3,55.9,1035610.7,144,1
2969,20230926,10,1,10,2,1.3,509727.59,142,1
2970,20241124,8,11,5,4,18.1,1021437.79,450,0
2971,20230113,1,6,10,4,66.2,1266290.48,463,1
2972,20241209,5,10,4,3,21.9,1113580.4,105,1
2973,20240110,8,4,5,5,53.4,934248.55,149,1
2974,20220211,5,1,8,4,23.2,797200.03,229,1
2975,20221026,9,11,3,4,59.4,837686.8,35,1
2976,20220602,2,9,9,4,41.2,317841.02,360,1
2977,20240730,7,5,8,3,36.3,,267,1
2978,20230717,8,4,3,3,39,1214928.99,128,1
2979,20221028,3,4,4,4,38.4,1592171.42,227,1
2980,20220115,10,2,4,4,20.3,1308065.92,420,1
2981,20230317,5,8,3,3,13.7,1553532.78,481,1
2982,20240409,7,12,1,2,3.9,709327.79,140,1
2983,20231009,1,3,7,3,15,1480191.18,22,1
2984,20230612,1,11,7,1,19.4,513798.8,172,1
2985,20230506,5,9,6,3,32.2,997170.59,104,0
2986,20230113,6,12,5,5,56,1992407.65,116,1
2987,20230411,6,12,7,1,36.2,727097.68,177,1
2988,20230103,5,6,2,1,57.5,820550.68,271,1
2989,20231106,10,2,1,4,65.3,1101444.45,361,1
2990,20230606,10,3,6,3,34.8,83325.86,17,1
2991,20240530,8,10,6,2,28.2,951377.41,17,0
2992,20230821,8,9,9,6,27.8,1884367.09,421,0
2993,20221211,3,7,3,1,1.5,1135801.66,99,1
2994,20220121,,10,1,4,64.9,718932.63,320,1
2995,20230827,5,10,6,4,20,1862004.11,471,0
2996,20241227,1,2,10,3,8.2,429700.62,476,1
2997,20240430,10,2,3,4,60.2,860645.02,187,1
2998,20220213,4,12,1,4,3,1914202.57,139,1
2999,20241228,,12,9,5,40.9,775644.36,485,1
3000,20230324,7,1,9,3,49.9,1193335.81,446,1
96,20231203,10,10,6,1,67.7,1774626.24,99,1
137,20220214,10,3,7,3,37.9,1334571.32,151,1
143,20240608,99,10,1,5,68.6,,347,1
247,20240321,1,9,1,2,69.5,1136208.48,405,1
569,20240904,9,11,3,2,8.9,241938.35,42,1
655,20240827,3,9,3,4,44.9,451813.61,203,1
682,20240123,,2,1,5,59.8,1942658.68,116,0
809,20231125,8,10,5,1,68.2,-500,281,1
990,20220326,5,12,7,3,48.8,455570.27,203,1
1302,20230303,8,9,6,5,58.4,842074.93,48,1
1343,20240627,10,8,3,1,47.1,630856.03,119,0
1412,20240515,3,1,9,5,6.5,75085.89,356,1
1811,20221222,8,4,8,1,20.3,204518.22,310,1
2035,20230210,4,2,2,2,45.1,908485.13,197,1
2121,20221212,10,12,1,2,53.7,333930.95,217,1
2257,20230202,2,1,1,2,18,1642752.46,375,1
2297,20230908,8,6,1,2,4.4,1387368.19,75,0
2686,20231022,10,9,1,3,17.6,328236.59,92,1
2949,20220225,5,7,2,1,23.9,1992054.73,415,1
